id,name,address,accounting,airport,amusement_park,aquarium,art_gallery,atm,bakery,bank,bar,beauty_salon,bicycle_store,book_store,bowling_alley,bus_station,cafe,campground,car_dealer,car_rental,car_repair,car_wash,casino,cemetery,church,city_hall,clothing_store,convenience_store,courthouse,dentist,department_store,doctor,drugstore,electrician,electronics_store,embassy,fire_station,florist,funeral_home,furniture_store,gas_station,gym,hair_care,hardware_store,hindu_temple,home_goods_store,hospital,insurance_agency,jewelry_store,laundry,lawyer,library,light_rail_station,liquor_store,local_government_office,locksmith,lodging,meal_delivery,meal_takeaway,mosque,movie_rental,movie_theater,moving_company,museum,night_club,painter,park,parking,pet_store,pharmacy,physiotherapist,plumber,police,post_office,primary_school,real_estate_agency,restaurant,roofing_contractor,rv_park,school,secondary_school,shoe_store,shopping_mall,spa,stadium,storage,store,subway_station,supermarket,synagogue,taxi_stand,tourist_attraction,train_station,transit_station,travel_agency,university,veterinary_care,zoo,time.spent.1,time.spent.2,X1_1,X1_2,X1_3,X1_4,X1_5,X1_6,X1_7,X1_8,X1_9,X1_10,X1_11,X1_12,X1_13,X1_14,X1_15,X1_16,X1_17,X1_18,X1_19,X1_20,X1_21,X1_22,X1_23,X1_24,X2_1,X2_2,X2_3,X2_4,X2_5,X2_6,X2_7,X2_8,X2_9,X2_10,X2_11,X2_12,X2_13,X2_14,X2_15,X2_16,X2_17,X2_18,X2_19,X2_20,X2_21,X2_22,X2_23,X2_24,X3_1,X3_2,X3_3,X3_4,X3_5,X3_6,X3_7,X3_8,X3_9,X3_10,X3_11,X3_12,X3_13,X3_14,X3_15,X3_16,X3_17,X3_18,X3_19,X3_20,X3_21,X3_22,X3_23,X3_24,X4_1,X4_2,X4_3,X4_4,X4_5,X4_6,X4_7,X4_8,X4_9,X4_10,X4_11,X4_12,X4_13,X4_14,X4_15,X4_16,X4_17,X4_18,X4_19,X4_20,X4_21,X4_22,X4_23,X4_24,X5_1,X5_2,X5_3,X5_4,X5_5,X5_6,X5_7,X5_8,X5_9,X5_10,X5_11,X5_12,X5_13,X5_14,X5_15,X5_16,X5_17,X5_18,X5_19,X5_20,X5_21,X5_22,X5_23,X5_24,X6_1,X6_2,X6_3,X6_4,X6_5,X6_6,X6_7,X6_8,X6_9,X6_10,X6_11,X6_12,X6_13,X6_14,X6_15,X6_16,X6_17,X6_18,X6_19,X6_20,X6_21,X6_22,X6_23,X6_24,X7_1,X7_2,X7_3,X7_4,X7_5,X7_6,X7_7,X7_8,X7_9,X7_10,X7_11,X7_12,X7_13,X7_14,X7_15,X7_16,X7_17,X7_18,X7_19,X7_20,X7_21,X7_22,X7_23,X7_24
ChIJ42RNqu16ykwRMVkWm7hkI8k,Olde Northender Pub,"23 North Street, Burlington",0,0,0,0,0,0,0,0,1,0,0,0,0,0,0,0,0,0,0,0,0,0,0,0,0,0,0,0,0,0,0,0,0,0,0,0,0,0,0,0,0,0,0,0,0,0,0,0,0,0,0,0,0,0,0,0,0,0,0,0,0,0,0,0,0,0,0,0,0,0,0,0,0,0,0,0,0,0,0,0,0,0,0,0,0,0,0,0,0,0,0,0,0,0,0,0,NA,NA,10,10,0,0,0,0,0,0,10,10,10,10,20,35,50,55,55,40,25,15,25,40,35,15,10,5,0,0,0,0,0,0,20,25,5,5,10,15,25,25,20,15,10,0,10,15,15,15,15,15,0,0,0,0,0,0,15,15,20,30,50,55,35,15,0,10,10,15,20,25,25,25,20,15,0,0,0,0,0,0,0,5,15,35,45,30,15,10,15,25,40,55,65,70,70,65,50,40,0,0,0,0,0,0,35,35,35,35,35,40,55,60,45,25,20,35,60,65,50,30,15,10,0,0,0,0,0,0,5,10,20,45,65,50,30,35,50,65,85,100,100,85,60,40,25,20,0,0,0,0,0,0,10,10,15,30,50,65,60,40,25,30,45,55,55,40,25,15
ChIJ564szPt6ykwR4W4tIUZxqiI,Shanty on the Shore,"181 Battery Street, Burlington",0,0,0,0,0,0,0,0,1,0,0,0,0,0,0,0,0,0,0,0,0,0,0,0,0,0,0,0,0,0,0,0,0,0,0,0,0,0,0,0,0,0,0,0,0,0,0,0,0,0,0,0,0,0,0,0,0,0,0,0,0,0,0,0,0,0,0,0,0,0,0,0,0,0,2,0,0,0,0,0,0,0,0,0,0,0,0,0,0,0,0,0,0,0,0,0,NA,NA,0,0,0,0,0,0,0,0,0,0,0,0,0,0,0,0,0,0,0,0,0,0,0,0,0,0,0,0,0,0,0,0,0,0,0,0,0,0,0,0,0,0,0,0,0,0,0,0,0,0,0,0,0,0,0,0,0,0,0,0,4,9,13,15,11,9,25,40,0,0,0,0,0,0,0,0,0,0,0,0,0,0,0,0,11,11,20,31,45,56,52,40,0,0,0,0,0,0,0,0,0,0,0,0,0,0,0,0,34,52,63,61,50,61,93,88,40,0,0,0,0,0,0,0,0,0,0,0,0,0,0,0,59,90,100,88,77,77,75,59,34,0,0,0,0,0,0,0,0,0,0,0,0,0,0,0,0,0,0,0,0,0,0,0,0,0,0,0
ChIJW-Fbqfd6ykwRBZxN6LMkOVg,El Cortijo,"189 Bank Street, Burlington",0,0,0,0,0,0,0,0,1,0,0,0,0,0,0,0,0,0,0,0,0,0,0,0,0,0,0,0,0,0,0,0,0,0,0,0,0,0,0,0,0,0,0,0,0,0,0,0,0,0,0,0,0,0,0,0,0,0,0,0,0,0,0,0,0,0,0,0,0,0,0,0,0,0,2,0,0,0,0,0,0,0,0,0,0,0,0,0,0,0,0,0,0,0,0,0,15,90,0,0,0,0,0,0,0,0,0,0,0,0,0,0,0,0,0,0,0,0,0,0,0,0,0,0,0,0,0,0,0,0,0,0,0,0,0,0,0,0,23,39,47,38,0,0,0,0,0,0,0,0,0,0,0,0,0,0,0,0,0,0,0,0,13,30,44,39,0,0,0,0,0,0,0,0,0,0,0,0,0,0,0,0,0,0,0,0,30,61,73,51,0,0,0,0,0,0,0,0,0,0,0,0,0,0,0,0,0,0,0,0,47,70,85,75,48,0,0,0,0,0,0,0,0,0,0,0,0,0,0,0,0,0,0,0,91,100,92,70,45,0,0,0,0,0,0,0,0,0,0,0,0,0,0,0,0,0,0,0,0,0,0,0,0,0,0,0
ChIJtegI1ah7ykwRO__e8etzz_M,Zero Gravity Brewery,"716 Pine Street, Burlington",0,0,0,0,0,0,0,0,1,0,0,0,0,0,0,0,0,0,0,0,0,0,0,0,0,0,0,0,0,0,0,0,0,0,0,0,0,0,0,0,0,0,0,0,0,0,0,0,0,0,0,0,0,0,0,0,0,0,0,0,0,0,0,0,0,0,0,0,0,0,0,0,0,0,2,0,0,0,0,0,0,0,0,0,0,0,0,0,0,0,0,0,0,0,0,0,NA,NA,0,0,0,0,0,0,0,0,13,16,18,20,22,26,31,37,40,39,31,20,0,0,0,0,0,0,0,0,0,0,0,0,12,16,20,22,24,24,24,25,32,49,58,43,0,0,0,0,0,0,0,0,0,0,0,0,13,17,20,24,25,27,31,40,52,60,55,39,0,0,0,0,0,0,0,0,0,0,0,0,15,14,12,14,20,28,34,39,42,42,37,27,0,0,0,0,0,0,0,0,0,0,0,0,9,13,18,24,31,38,44,52,66,79,73,45,0,0,0,0,0,0,0,0,0,0,0,0,1,1,2,15,40,74,99,100,82,73,73,52,0,0,0,0,0,0,0,0,0,0,0,0,1,1,6,13,22,33,46,58,62,53,35,17,0,0,0,0
ChIJnUH3afd6ykwRVx2elbIxH_A,The Vermont Pub & Brewery,"144 College Street, Burlington",0,0,0,0,0,0,0,0,2,0,0,0,0,0,0,0,0,0,0,0,0,0,0,0,0,0,0,0,0,0,0,0,0,0,0,0,0,0,0,0,0,0,0,0,0,0,0,0,0,0,0,0,0,0,0,0,0,0,0,0,0,0,0,0,0,0,0,0,0,0,0,0,0,0,1,0,0,0,0,0,0,0,0,0,0,0,0,0,0,0,0,0,0,0,0,0,90,90,0,0,0,0,0,0,0,0,0,0,0,0,0,0,0,0,0,0,0,0,0,0,0,0,0,0,0,0,0,0,0,0,0,0,0,0,0,0,0,0,0,0,0,0,0,0,0,0,0,0,0,0,0,0,0,0,0,0,0,5,8,9,9,8,8,12,18,20,14,0,0,0,0,0,0,0,0,0,0,0,0,0,0,15,17,16,14,15,21,34,43,38,22,0,0,0,0,0,0,0,0,0,0,0,0,0,0,9,18,29,38,45,51,61,69,63,42,0,0,0,0,0,0,0,0,0,0,0,0,0,0,19,42,73,95,97,89,92,100,84,46,0,0,0,0,0,0,0,0,0,0,0,0,0,0,17,36,53,54,42,32,32,34,27,14,0,0,0
ChIJQx7g2Kh7ykwRKjba1exV4-w,Queen City Brewery,"703 Pine Street, Burlington",0,0,0,0,0,0,0,0,1,0,0,0,0,0,0,0,0,0,0,0,0,0,0,0,0,0,0,0,0,0,0,0,0,0,0,0,0,0,0,0,0,0,0,0,0,0,0,0,0,0,0,0,0,0,0,0,0,0,0,0,0,0,0,0,0,0,0,0,0,0,0,0,0,0,0,0,0,0,0,0,0,0,0,0,0,0,0,0,0,0,0,0,0,0,0,0,NA,NA,0,0,0,0,0,0,0,0,0,0,0,0,0,0,19,21,28,34,28,0,0,0,0,0,0,0,0,0,0,0,0,0,0,0,0,0,0,0,17,22,25,21,17,0,0,0,0,0,0,0,0,0,0,0,0,0,0,0,0,0,0,0,6,9,11,10,6,0,0,0,0,0,0,0,0,0,0,0,0,0,0,0,0,0,0,0,17,22,22,30,32,0,0,0,0,0,0,0,0,0,0,0,0,0,0,0,0,0,0,26,38,43,50,69,80,63,0,0,0,0,0,0,0,0,0,0,0,0,0,0,0,0,0,42,76,100,98,79,61,48,0,0,0,0,0,0,0,0,0,0,0,0,0,0,0,0,0,6,2,2,7,11,9,0,0,0,0,0
ChIJy-msUot7ykwRIaj1YGIu_hE,Dedalus Wine Bar,"388 Pine Street, Burlington",0,0,0,0,0,0,0,0,2,0,0,0,0,0,0,0,0,0,0,0,0,0,0,0,0,0,0,0,0,0,0,0,0,0,0,0,0,0,0,0,0,0,0,0,0,0,0,0,0,0,0,0,0,0,0,0,0,0,0,0,0,0,0,0,0,0,0,0,0,0,0,0,0,0,1,0,0,0,0,0,0,0,0,0,0,0,0,0,0,0,0,0,0,0,0,0,15,15,0,0,0,0,0,0,0,0,0,0,12,23,26,23,19,26,46,60,53,31,0,0,0,0,0,0,0,0,0,0,0,0,0,0,4,14,17,14,19,36,58,69,61,39,0,0,0,0,0,0,0,0,0,0,0,0,0,0,20,47,23,25,39,53,63,63,53,41,0,0,0,0,0,0,0,0,0,0,0,0,0,0,19,31,39,41,34,30,38,55,60,42,0,0,0,0,0,0,0,0,0,0,0,0,0,0,28,50,36,33,50,71,87,93,85,66,0,0,0,0,0,0,0,0,0,0,0,0,0,0,26,53,69,63,57,66,84,90,76,50,0,0,0,0,0,0,0,0,0,0,0,0,0,0,46,76,100,100,79,53,34,25,17,12,0,0,0,0
ChIJSak80at7ykwRUxRmWCJgcKA,Restaurant Poco,"55 Main Street, Burlington",0,0,0,0,0,0,0,0,2,0,0,0,0,0,0,0,0,0,0,0,0,0,0,0,0,0,0,0,0,0,0,0,0,0,0,0,0,0,0,0,0,0,0,0,0,0,0,0,0,0,0,0,0,0,0,0,0,0,0,0,0,0,0,0,0,0,0,0,0,0,0,0,0,0,1,0,0,0,0,0,0,0,0,0,0,0,0,0,0,0,0,0,0,0,0,0,NA,NA,0,0,0,0,0,0,0,0,0,0,0,0,0,0,0,0,0,0,0,0,0,0,0,0,0,0,0,0,0,0,0,0,0,0,0,0,0,0,0,0,0,0,0,0,0,0,0,0,0,0,0,0,0,0,0,0,0,0,0,0,0,0,0,0,36,52,63,59,43,0,0,0,0,0,0,0,0,0,0,0,0,0,0,0,0,0,0,0,45,54,59,54,43,0,0,0,0,0,0,0,0,0,0,0,0,0,0,0,0,0,0,0,38,40,50,75,100,95,0,0,0,0,0,0,0,0,0,0,0,0,0,0,0,0,0,0,38,68,77,54,50,61,0,0,0,0,0,0,0,0,0,0,0,0,0,0,0,0,0,0,0,0,0,0,0,0,0,0
ChIJGXtE2_t6ykwRMVsbtrkRGLg,"Dedalus Wine Shop, Market & Wine Bar","388 Pine Street, Burlington",0,0,0,0,0,0,0,0,1,0,0,0,0,0,0,0,0,0,0,0,0,0,0,0,0,0,0,0,0,0,0,0,0,0,0,0,0,0,0,0,0,0,0,0,0,0,0,0,0,0,0,2,0,0,0,0,0,0,0,0,0,0,0,0,0,0,0,0,0,0,0,0,0,0,3,0,0,0,0,0,0,0,0,0,6,0,0,0,0,0,0,0,0,0,0,0,15,15,0,0,0,0,0,0,0,0,0,0,12,23,26,23,19,26,46,60,53,31,0,0,0,0,0,0,0,0,0,0,0,0,0,0,4,14,17,14,19,36,58,69,61,39,0,0,0,0,0,0,0,0,0,0,0,0,0,0,20,47,23,25,39,53,63,63,53,41,0,0,0,0,0,0,0,0,0,0,0,0,0,0,19,31,39,41,34,30,38,55,60,42,0,0,0,0,0,0,0,0,0,0,0,0,0,0,28,50,36,33,50,71,87,93,85,66,0,0,0,0,0,0,0,0,0,0,0,0,0,0,26,53,69,63,57,66,84,90,76,50,0,0,0,0,0,0,0,0,0,0,0,0,0,0,46,76,100,100,79,53,34,25,17,12,0,0,0,0
ChIJR5Sinwd7ykwR4r-hlFsx9BA,St. John's Club,"9 Central Avenue, Burlington",0,0,0,0,0,0,0,0,2,0,0,0,0,0,0,0,0,0,0,0,0,0,0,0,0,0,0,0,0,0,0,0,0,0,0,0,0,0,0,0,0,0,0,0,0,0,0,0,0,0,0,0,0,0,0,0,0,0,0,0,0,0,1,0,0,0,0,0,0,0,0,0,0,0,0,0,0,0,0,0,0,0,0,0,0,0,0,0,0,0,0,0,0,0,0,0,NA,NA,0,0,0,0,0,0,0,0,0,0,0,0,0,0,0,2,11,26,37,26,10,2,0,0,0,0,0,0,0,0,0,0,0,0,0,0,0,0,0,6,17,30,35,25,12,3,0,0,0,0,0,0,0,0,0,0,0,0,0,0,0,0,0,16,30,41,38,26,12,5,0,0,0,0,0,0,0,0,0,0,0,0,0,0,0,0,0,10,37,79,100,75,33,8,0,0,0,0,0,0,0,0,0,0,0,0,0,0,0,0,0,11,33,65,82,65,34,11,3,1,0,0,0,0,0,0,0,0,0,0,0,0,0,0,0,47,64,80,83,65,37,15,5,0,0,0,0,0,0,0,0,0,0,0,0,0,7,15,8,5,6,8,7,6,0,0,0,0
ChIJlVAT1ah7ykwRM8WLmOL_4sc,The Great Northern,"716 Pine Street, Burlington",0,0,0,0,0,0,0,0,1,0,0,0,0,0,0,0,0,0,0,0,0,0,0,0,0,0,0,0,0,0,0,0,0,0,0,0,0,0,0,0,0,0,0,0,0,0,0,0,0,0,0,0,0,0,0,0,0,0,0,0,0,0,0,0,0,0,0,0,0,0,0,0,0,0,2,0,0,0,0,0,0,0,0,0,0,0,0,0,0,0,0,0,0,0,0,0,NA,NA,0,0,0,0,0,0,0,0,0,0,0,0,65,68,73,75,75,70,60,46,0,0,0,0,0,0,0,0,0,0,0,0,0,0,0,0,68,73,65,58,60,63,58,39,0,0,0,0,0,0,0,0,0,0,0,0,0,0,0,0,78,82,73,51,34,31,31,17,0,0,0,0,0,0,0,0,0,0,0,0,0,0,0,0,31,46,60,68,63,58,63,70,0,0,0,0,0,0,0,0,0,0,0,0,0,0,0,0,19,19,17,17,29,58,82,82,0,0,0,0,0,0,0,0,0,0,0,0,0,0,0,0,7,17,36,58,73,87,100,97,0,0,0,0,0,0,0,0,0,0,0,0,0,0,0,0,29,39,43,41,41,43,46,46,0,0,0,0
ChIJDZdlQ_96ykwRmnFVcuh8Fxk,Four Corners of the Earth,"310 Pine Street, Burlington",0,0,0,0,0,0,0,0,1,0,0,0,0,0,0,0,0,0,0,0,0,0,0,0,0,0,0,0,0,0,0,0,0,0,0,0,0,0,0,0,0,0,0,0,0,0,0,0,0,0,0,0,0,0,0,0,0,0,0,0,0,0,0,0,0,0,0,0,0,0,0,0,0,0,2,0,0,0,0,0,0,0,0,0,5,0,0,0,0,0,0,0,0,0,0,0,NA,NA,0,0,0,0,0,0,0,0,0,0,0,0,0,0,0,0,0,0,0,0,0,0,0,0,0,0,0,0,0,0,0,0,0,0,0,0,0,0,0,0,0,0,0,0,0,0,0,0,0,0,0,0,0,0,0,0,0,0,0,0,0,0,0,0,0,0,0,0,0,0,0,0,0,0,0,0,0,0,0,0,0,0,0,0,21,39,57,63,52,34,0,0,0,0,0,0,0,0,0,0,0,0,0,0,0,0,0,0,36,65,68,50,39,34,0,0,0,0,0,0,0,0,0,0,0,0,0,0,0,0,0,0,52,89,100,84,71,57,0,0,0,0,0,0,0,0,0,0,0,0,0,0,0,0,0,0,44,52,71,78,71,44,0,0,0,0,0,0
ChIJ1xx5lvZ6ykwRokC_tPklens,Halvorson's,"16 Church Street, Burlington",0,0,0,0,0,0,0,0,1,0,0,0,0,0,0,0,0,0,0,0,0,0,0,0,0,0,0,0,0,0,0,0,0,0,0,0,0,0,0,0,0,0,0,0,0,0,0,0,0,0,0,0,0,0,0,0,0,0,0,0,0,0,0,0,0,0,0,0,0,0,0,0,0,0,2,0,0,0,0,0,0,0,0,0,0,0,0,0,0,0,0,0,0,0,0,0,NA,NA,0,0,0,0,0,0,0,0,0,0,0,0,0,0,0,0,0,0,0,0,0,0,0,0,0,0,0,0,0,0,0,0,0,0,0,0,0,0,0,0,0,0,0,0,0,0,0,0,0,0,0,0,0,0,0,0,0,0,0,0,11,14,16,16,19,35,57,42,14,0,0,0,0,0,0,0,0,0,0,0,0,0,0,0,30,50,38,33,47,50,42,40,30,0,0,0,0,0,0,0,0,0,0,0,0,0,0,0,21,21,16,21,38,42,42,64,69,0,0,0,0,0,0,0,0,0,0,0,0,0,7,16,30,50,71,90,100,97,83,64,42,0,0,0,0,0,0,0,0,0,0,0,0,0,11,16,14,40,38,7,0,0,0,0,0,0,0,0
ChIJw7wl6bJwykwRugqpoZGSygk,Citizen Cider,"316 Pine Street #114, Burlington",0,0,0,0,0,0,0,0,1,0,0,0,0,0,0,0,0,0,0,0,0,0,0,0,0,0,0,0,0,0,0,0,0,0,0,0,0,0,0,0,0,0,0,0,0,0,0,0,0,0,0,0,0,0,0,0,0,0,0,0,0,0,0,0,0,0,0,0,0,0,0,0,0,0,2,0,0,0,0,0,0,0,0,0,0,0,0,0,0,0,0,0,0,0,0,0,NA,NA,0,0,0,0,0,0,0,0,0,0,0,0,0,0,0,0,0,0,0,0,0,0,0,0,0,0,0,0,0,0,0,0,0,0,0,0,32,37,45,53,58,61,66,74,68,0,0,0,0,0,0,0,0,0,0,0,0,0,0,0,45,58,67,63,46,32,31,38,41,0,0,0,0,0,0,0,0,0,0,0,0,0,0,0,41,68,91,96,85,70,61,57,46,0,0,0,0,0,0,0,0,0,0,0,0,0,0,0,50,69,86,97,100,94,81,63,45,0,0,0,0,0,0,0,0,0,0,0,0,0,0,0,44,69,88,96,93,87,83,76,59,0,0,0,0,0,0,0,0,0,0,0,0,0,0,0,40,50,53,48,38,0,0,0,0,0,0,0
ChIJncI9Y_d6ykwRY6RIGaMmIeQ,American Flatbread Burlington Hearth,"115 Saint Paul Street, Burlington",0,0,0,0,0,0,0,0,2,0,0,0,0,0,0,0,0,0,0,0,0,0,0,0,0,0,0,0,0,0,0,0,0,0,0,0,0,0,0,0,0,0,0,0,0,0,0,0,0,0,0,0,0,0,0,0,1,0,0,0,0,0,0,0,0,0,0,0,0,0,0,0,0,0,3,0,0,0,0,0,0,0,0,0,0,0,0,0,0,0,0,0,0,0,0,0,10,60,0,0,0,0,0,0,0,0,0,0,0,0,0,0,0,0,32,48,53,36,0,0,0,0,0,0,0,0,0,0,0,0,0,0,0,0,0,0,0,0,31,40,37,23,0,0,0,0,0,0,0,0,0,0,0,0,0,0,0,0,0,0,0,0,43,52,50,40,0,0,0,0,0,0,0,0,0,0,0,0,0,0,0,0,0,0,0,0,26,36,38,30,0,0,0,0,0,0,0,0,0,0,0,0,0,0,0,0,12,23,35,46,62,78,81,68,0,0,0,0,0,0,0,0,0,0,0,0,0,0,0,0,59,72,81,87,93,100,97,76,0,0,0,0,0,0,0,0,0,0,0,0,0,0,0,0,52,67,76,78,77,73,67,51,0,0,0,0
ChIJixTcJvF6ykwRF5_8Ii_PP9I,Hen of the Wood - Burlington,"55 Cherry Street, Burlington",0,0,0,0,0,0,0,0,1,0,0,0,0,0,0,0,0,0,0,0,0,0,0,0,0,0,0,0,0,0,0,0,0,0,0,0,0,0,0,0,0,0,0,0,0,0,0,0,0,0,0,0,0,0,0,0,0,0,0,0,0,0,0,0,0,0,0,0,0,0,0,0,0,0,2,0,0,0,0,0,0,0,0,0,0,0,0,0,0,0,0,0,0,0,0,0,60,120,0,0,0,0,0,0,0,0,0,0,0,0,0,0,0,0,0,31,54,64,50,0,0,0,0,0,0,0,0,0,0,0,0,0,0,0,0,0,0,0,0,48,68,71,54,0,0,0,0,0,0,0,0,0,0,0,0,0,0,0,0,0,0,0,0,55,88,87,71,0,0,0,0,0,0,0,0,0,0,0,0,0,0,0,0,0,0,0,0,41,61,68,58,0,0,0,0,0,0,0,0,0,0,0,0,0,0,0,0,0,0,0,0,55,72,68,57,0,0,0,0,0,0,0,0,0,0,0,0,0,0,0,0,0,0,0,0,72,94,100,84,0,0,0,0,0,0,0,0,0,0,0,0,0,0,0,0,0,0,0,0,61,82,87,70,0,0,0
ChIJpSH7nPd6ykwRJIk6TOwKKCA,RÃ­ RÃ¡ Irish Pub,"123 Church Street, Burlington",0,0,0,0,0,0,0,0,1,0,0,0,0,0,0,0,0,0,0,0,0,0,0,0,0,0,0,0,0,0,0,0,0,0,0,0,0,0,0,0,0,0,0,0,0,0,0,0,0,0,0,0,0,0,0,0,0,0,0,0,0,0,0,0,0,0,0,0,0,0,0,0,0,0,2,0,0,0,0,0,0,0,0,0,0,0,0,0,0,0,0,0,0,0,0,0,60,90,0,0,0,0,0,0,0,0,0,0,0,0,19,23,21,15,12,15,27,38,36,23,0,0,0,0,0,0,0,0,0,0,0,0,0,0,9,13,17,20,20,19,19,25,28,17,0,0,0,0,0,0,0,0,0,0,0,0,0,0,21,28,28,25,30,44,53,44,28,15,0,0,0,0,0,0,0,0,0,0,0,0,0,0,9,16,21,22,21,25,34,43,45,36,0,0,0,0,0,0,0,0,0,0,0,0,0,0,22,30,36,38,39,46,69,99,100,63,0,0,0,0,0,0,0,0,0,0,0,0,0,0,30,61,86,92,81,74,78,88,86,64,0,0,0,0,0,0,0,0,0,0,0,0,0,0,20,37,50,51,46,43,37,27,0,0,0,0
ChIJncI9Y_d6ykwR7JgTLP7RCQU,Zero Gravity Brewpub at American Flatbread,"115 Saint Paul Street, Burlington",0,0,0,0,0,0,0,0,1,0,0,0,0,0,0,0,0,0,0,0,0,0,0,0,0,0,0,0,0,0,0,0,0,0,0,0,0,0,0,0,0,0,0,0,0,0,0,0,0,0,0,0,0,0,0,0,0,0,0,0,0,0,0,0,0,0,0,0,0,0,0,0,0,0,2,0,0,0,0,0,0,0,0,0,0,0,0,0,0,0,0,0,0,0,0,0,NA,NA,0,0,0,0,0,0,0,0,0,0,0,0,0,0,0,0,0,0,0,0,0,0,0,0,0,0,0,0,0,0,0,0,0,0,0,0,0,0,0,0,0,0,0,0,0,0,0,0,0,0,0,0,0,0,0,0,0,0,0,0,0,0,0,0,14,14,14,14,0,0,0,0,0,0,0,0,0,0,0,0,0,0,0,0,0,0,0,0,0,0,0,0,0,0,0,0,0,0,0,0,0,0,0,0,0,0,0,0,18,44,55,40,37,59,92,100,74,0,0,0,0,0,0,0,0,0,0,0,0,0,0,0,18,55,92,92,59,48,77,88,51,0,0,0,0,0,0,0,0,0,0,0,0,0,0,0,14,37,62,74,62,59,77,70,29,0,0,0
ChIJyaWKJfh6ykwRKWG1kjZogr8,Ruben James,"159 Main Street, Burlington",0,0,0,0,0,0,0,0,1,0,0,0,0,0,0,0,0,0,0,0,0,0,0,0,0,0,0,0,0,0,0,0,0,0,0,0,0,0,0,0,0,0,0,0,0,0,0,0,0,0,0,0,0,0,0,0,0,0,0,0,0,0,0,0,0,0,0,0,0,0,0,0,0,0,2,0,0,0,0,0,0,0,0,0,0,0,0,0,0,0,0,0,0,0,0,0,NA,NA,0,0,0,0,0,0,0,0,0,0,0,0,0,0,0,0,15,27,37,40,32,20,0,0,0,0,0,0,0,0,0,0,0,0,0,0,0,0,0,0,24,35,42,43,38,30,0,0,0,0,0,0,0,0,0,0,0,0,0,0,0,0,0,0,22,46,67,81,100,89,0,0,0,0,0,0,0,0,0,0,0,0,0,0,0,0,0,0,22,50,58,51,50,41,0,0,0,0,0,0,0,0,0,0,0,0,0,0,0,0,0,0,39,63,58,51,62,42,0,0,0,0,0,0,0,0,0,0,0,0,0,0,0,0,0,0,53,60,67,67,57,39,0,0,0,0,0,0,0,0,0,0,0,0,0,0,0,0,0,0,42,45,46,46,43,33,0,0
ChIJm_wFkPd6ykwRgD8Mk00KkiM,Akes' Place,"134 Church Street, Burlington",0,0,0,0,0,0,0,0,1,0,0,0,0,0,0,0,0,0,0,0,0,0,0,0,0,0,0,0,0,0,0,0,0,0,0,0,0,0,0,0,0,0,0,0,0,0,0,0,0,0,0,0,0,0,0,0,0,0,0,0,0,0,0,0,0,0,0,0,0,0,0,0,0,0,0,0,0,0,0,0,0,0,0,0,0,0,0,0,0,0,0,0,0,0,0,0,NA,NA,0,0,0,0,0,0,0,0,0,0,0,0,0,0,0,0,0,0,0,0,0,0,0,0,0,0,0,0,0,0,0,0,0,0,0,0,0,0,0,0,22,36,45,36,22,22,22,9,4,4,0,0,0,0,0,0,0,0,0,0,0,0,0,0,22,36,45,45,36,27,18,13,9,4,0,0,0,0,0,0,0,0,0,0,0,0,0,0,9,13,22,36,40,40,31,0,0,4,0,0,0,0,0,0,0,0,0,0,0,0,0,0,27,40,31,36,59,59,27,9,13,13,0,0,0,0,0,0,0,0,0,0,0,0,0,0,22,45,77,100,95,72,40,0,0,0,0,0,0,0,0,0,0,0,0,0,0,0,0,0,0,0,0,0,0,0,0,0
ChIJlYZXO_h6ykwRwzIgahGEISk,El Gato Cantina,"169 Church Street, Burlington",0,0,0,0,0,0,0,0,1,0,0,0,0,0,0,0,0,0,0,0,0,0,0,0,0,0,0,0,0,0,0,0,0,0,0,0,0,0,0,0,0,0,0,0,0,0,0,0,0,0,0,0,0,0,0,0,0,0,0,0,0,0,0,0,0,0,0,0,0,0,0,0,0,0,2,0,0,0,0,0,0,0,0,0,0,0,0,0,0,0,0,0,0,0,0,0,NA,NA,0,0,0,0,0,0,0,0,0,0,0,0,0,0,0,0,0,0,0,0,0,0,0,0,0,0,0,0,0,0,0,0,0,0,0,7,12,16,19,24,32,41,44,37,24,0,0,0,0,0,0,0,0,0,0,0,0,0,0,5,7,9,12,22,38,54,58,46,26,0,0,0,0,0,0,0,0,0,0,0,0,0,0,8,11,15,18,20,25,42,71,84,61,0,0,0,0,0,0,0,0,0,0,0,0,0,0,12,15,16,18,22,29,46,68,80,70,0,0,0,0,0,0,0,0,0,0,0,0,0,0,13,19,27,34,44,58,77,94,100,86,0,0,0,0,0,0,0,0,0,0,0,0,0,0,9,12,16,19,24,33,46,55,54,40,0,0,0
ChIJf9XP9vd6ykwRo08mwifdpdo,Mr. Mikes Pizza,"206 Main Street, Burlington",0,0,0,0,0,0,0,0,1,0,0,0,0,0,0,0,0,0,0,0,0,0,0,0,0,0,0,0,0,0,0,0,0,0,0,0,0,0,0,0,0,0,0,0,0,0,0,0,0,0,0,0,0,0,0,0,0,0,0,0,0,0,0,0,0,0,0,0,0,0,0,0,0,0,2,0,0,0,0,0,0,0,0,0,0,0,0,0,0,0,0,0,0,0,0,0,NA,NA,0,0,0,0,0,0,0,0,0,0,0,0,0,0,0,0,0,0,0,0,0,0,0,0,0,0,0,0,0,0,0,0,0,0,0,15,23,30,34,38,42,38,30,26,19,11,0,0,0,0,0,0,0,0,0,0,0,0,0,3,15,38,65,61,34,23,46,42,26,34,0,0,0,0,0,0,0,0,0,0,0,0,0,34,50,34,26,30,34,34,30,26,19,15,0,0,0,0,0,0,0,0,0,0,0,0,0,34,53,69,76,69,61,61,61,50,30,11,0,0,0,0,0,0,0,0,0,0,0,0,0,0,26,53,76,88,80,57,34,53,100,61,0,0,0,0,0,0,0,0,0,0,0,0,0,0,30,57,53,26,7,65,76,7,15,15,0,0
ChIJ0QSw0Pl6ykwR7DQNYfH6uE4,Mad River Distillers Burlington,"137 Saint Paul Street, Burlington",0,0,0,0,0,0,0,0,1,0,0,0,0,0,0,0,0,0,0,0,0,0,0,0,0,0,0,0,0,0,0,0,0,0,0,0,0,0,0,0,0,0,0,0,0,0,0,0,0,0,0,2,0,0,0,0,0,0,0,0,0,0,0,0,0,0,0,0,0,0,0,0,0,0,0,0,0,0,0,0,0,0,0,0,4,0,0,0,0,0,0,0,0,0,0,0,NA,NA,0,0,0,0,0,0,0,0,0,0,0,0,0,0,0,0,0,0,0,0,0,0,0,0,0,0,0,0,0,0,0,0,0,0,0,0,0,0,0,0,0,0,0,0,0,0,0,0,0,0,0,0,0,0,0,0,0,0,0,0,3,9,17,19,13,5,0,0,0,0,0,0,0,0,0,0,0,0,0,0,0,0,0,0,15,21,11,7,11,9,5,1,0,0,0,0,0,0,0,0,0,0,0,0,0,0,0,0,5,19,34,38,26,34,65,53,0,0,0,0,0,0,0,0,0,0,0,0,0,0,0,0,9,59,71,57,78,96,100,88,67,0,0,0,0,0,0,0,0,0,0,0,0,0,0,0,9,25,32,23,13,25,0,0,0,0,0,0
ChIJOVOtLfh6ykwRIHWKd7wJGOc,JP's Pub,"139 Main Street, Burlington",0,0,0,0,0,0,0,0,1,0,0,0,0,0,0,0,0,0,0,0,0,0,0,0,0,0,0,0,0,0,0,0,0,0,0,0,0,0,0,0,0,0,0,0,0,0,0,0,0,0,0,0,0,0,0,0,0,0,0,0,0,0,2,0,0,0,0,0,0,0,0,0,0,0,0,0,0,0,0,0,0,0,0,0,0,0,0,0,0,0,0,0,0,0,0,0,NA,NA,0,0,0,0,0,0,0,0,0,0,0,17,20,27,31,34,37,41,44,48,51,55,0,0,0,0,0,0,0,0,0,0,0,0,0,13,31,41,31,27,34,37,44,48,51,55,0,0,0,0,0,0,0,0,0,0,0,0,0,31,37,41,37,34,34,37,48,62,68,68,0,0,0,0,0,0,0,0,0,0,0,0,0,17,20,24,24,24,24,37,58,86,96,86,0,0,0,0,0,0,0,0,0,0,0,0,0,6,10,10,13,20,27,37,58,86,100,93,0,0,0,0,0,0,0,0,0,0,0,0,0,10,10,10,10,13,17,24,37,58,79,89,0,0,0,0,0,0,0,0,0,0,0,0,0,13,10,10,6,13,24,34,34,34,34,37,0,0
ChIJEawUsPd6ykwRUh1-rBECtZs,The Daily Planet,"15 Center Street, Burlington",0,0,0,0,0,0,0,0,1,0,0,0,0,0,0,0,0,0,0,0,0,0,0,0,0,0,0,0,0,0,0,0,0,0,0,0,0,0,0,0,0,0,0,0,0,0,0,0,0,0,0,0,0,0,0,0,0,0,0,0,0,0,0,0,0,0,0,0,0,0,0,0,0,0,2,0,0,0,0,0,0,0,0,0,0,0,0,0,0,0,0,0,0,0,0,0,60,90,0,0,0,0,0,0,0,0,0,0,0,0,0,0,0,0,0,18,45,63,54,27,0,0,0,0,0,0,0,0,0,0,0,0,0,0,0,0,0,0,0,10,40,68,45,10,0,0,0,0,0,0,0,0,0,0,0,0,0,0,0,0,0,0,0,6,27,56,56,25,0,0,0,0,0,0,0,0,0,0,0,0,0,0,0,0,0,0,0,25,33,60,68,31,0,0,0,0,0,0,0,0,0,0,0,0,0,0,0,0,0,0,0,28,62,95,100,68,0,0,0,0,0,0,0,0,0,0,0,0,0,0,0,0,0,0,0,66,81,89,92,68,0,0,0,0,0,0,0,0,0,0,0,0,0,0,0,0,0,0,0,7,19,22,12,1,0,0
ChIJW6ZzqfR6ykwR4_IUV_tcSiQ,Drifter's Cafe and Bar,"156 North Winooski Avenue, Burlington",0,0,0,0,0,0,0,0,2,0,0,0,0,0,0,0,0,0,0,0,0,0,0,0,0,0,0,0,0,0,0,0,0,0,0,0,0,0,0,0,0,0,0,0,0,0,0,0,0,0,0,0,0,0,0,0,0,0,0,0,0,0,0,0,0,0,0,0,0,0,0,0,0,0,1,0,0,0,0,0,0,0,0,0,0,0,0,0,0,0,0,0,0,0,0,0,NA,NA,0,0,0,0,0,0,0,0,0,0,0,0,0,0,0,0,0,0,0,0,0,0,0,0,0,0,0,0,0,0,0,0,0,0,0,0,0,0,0,0,44,70,100,97,67,0,0,0,0,0,0,0,0,0,0,0,0,0,0,0,0,0,0,0,41,55,64,67,76,0,0,0,0,0,0,0,0,0,0,0,0,0,0,0,0,0,0,0,41,47,67,100,91,0,0,0,0,0,0,0,0,0,0,0,0,0,0,0,0,0,0,0,52,79,97,94,76,0,0,0,0,0,0,0,0,0,0,0,0,0,0,0,0,0,0,0,55,67,76,76,67,0,0,0,0,0,0,0,0,0,0,0,0,0,0,0,0,0,0,0,0,0,0,0,0,0,0,0
ChIJCSxNKvd6ykwRbIY9p5RbC9k,Taco Gordo,"208 North Winooski Avenue, Burlington",0,0,0,0,0,0,0,0,2,0,0,0,0,0,0,0,0,0,0,0,0,0,0,0,0,0,0,0,0,0,0,0,0,0,0,0,0,0,0,0,0,0,0,0,0,0,0,0,0,0,0,0,0,0,0,0,1,0,0,0,0,0,0,0,0,0,0,0,0,0,0,0,0,0,3,0,0,0,0,0,0,0,0,0,0,0,0,0,0,0,0,0,0,0,0,0,10,10,0,0,0,0,0,0,0,0,0,0,0,0,0,0,0,0,0,0,0,0,0,0,0,0,0,0,0,0,0,0,0,0,0,0,0,0,74,90,96,93,80,64,46,32,0,0,0,0,0,0,0,0,0,0,0,0,0,0,0,0,59,66,66,66,70,75,72,58,0,0,0,0,0,0,0,0,0,0,0,0,0,0,0,0,41,58,66,66,62,69,72,58,0,0,0,0,0,0,0,0,0,0,0,0,0,0,0,0,58,62,59,48,37,50,93,59,0,0,0,0,0,0,0,0,0,0,0,0,0,0,0,0,43,64,80,82,74,79,100,88,0,0,0,0,0,0,0,0,0,0,0,0,0,0,0,0,0,0,0,0,0,0,0,0,0,0,0,0
ChIJgdPpLq57ykwRuslsQlpBye8,The Spot,"210 Shelburne Road, Burlington",0,0,0,0,0,0,0,0,2,0,0,0,0,0,0,0,0,0,0,0,0,0,0,0,0,0,0,0,0,0,0,0,0,0,0,0,0,0,0,0,0,0,0,0,0,0,0,0,0,0,0,0,0,0,0,0,1,0,0,0,0,0,0,0,0,0,0,0,0,0,0,0,0,0,3,0,0,0,0,0,0,0,0,0,0,0,0,0,0,0,0,0,0,0,0,0,25,60,0,0,0,0,0,0,0,0,28,34,29,32,51,56,32,0,0,0,0,0,0,0,0,0,0,0,0,0,0,0,0,0,44,41,66,90,88,61,29,9,0,0,0,0,0,0,0,0,0,0,0,0,0,0,0,0,43,65,42,40,58,54,28,9,5,8,9,7,3,0,0,0,0,0,0,0,0,0,0,0,40,100,34,23,37,39,26,14,8,6,6,5,4,0,0,0,0,0,0,0,0,0,0,0,25,37,43,43,35,25,16,15,18,24,27,26,19,0,0,0,0,0,0,0,0,0,0,0,32,43,47,51,63,71,61,39,24,28,32,23,8,0,0,0,0,0,0,0,0,0,0,0,27,43,48,59,71,60,34,0,0,0,0,0,0,0,0,0
ChIJyTcHXFV6ykwRfReaKOOjBBo,Speeder & Earl's Coffee,"412 Pine Street, Burlington",0,0,0,0,0,0,0,0,0,0,0,0,0,0,1,0,0,0,0,0,0,0,0,0,0,0,0,0,0,0,0,0,0,0,0,0,0,0,0,0,0,0,0,0,0,0,0,0,0,0,0,0,0,0,0,0,0,0,0,0,0,0,0,0,0,0,0,0,0,0,0,0,0,0,0,0,0,0,0,0,0,0,0,0,4,0,0,0,0,0,0,0,0,0,0,0,10,10,0,0,0,0,0,0,6,20,36,42,41,42,50,52,47,36,25,14,0,0,0,0,0,0,0,0,0,0,0,0,11,23,31,36,41,46,43,37,35,37,31,16,0,0,0,0,0,0,0,0,0,0,0,0,8,29,56,68,61,57,60,56,41,36,40,29,0,0,0,0,0,0,0,0,0,0,0,0,8,16,27,41,51,57,57,50,41,30,20,13,0,0,0,0,0,0,0,0,0,0,0,0,8,22,40,47,42,42,52,61,60,48,31,16,0,0,0,0,0,0,0,0,0,0,0,0,0,0,21,53,87,100,93,85,75,51,25,0,0,0,0,0,0,0,0,0,0,0,0,0,0,0,12,25,45,64,74,69,54,33,17,0,0,0,0,0,0,0
ChIJrWjoh_96ykwRTcl3UMw63QU,Great Harvest Bakery + Café,"382 Pine Street, Burlington",0,0,0,0,0,0,1,0,0,0,0,0,0,0,2,0,0,0,0,0,0,0,0,0,0,0,0,0,0,0,0,0,0,0,0,0,0,0,0,0,0,0,0,0,0,0,0,0,0,0,0,0,0,0,0,0,0,0,0,0,0,0,0,0,0,0,0,0,0,0,0,0,0,0,3,0,0,0,0,0,0,0,0,0,6,0,0,0,0,0,0,0,0,0,0,0,15,15,0,0,0,0,0,0,0,0,37,42,47,53,53,47,36,0,0,0,0,0,0,0,0,0,0,0,0,0,0,0,0,0,35,43,47,47,42,34,26,0,0,0,0,0,0,0,0,0,0,0,0,0,0,0,0,0,52,67,81,89,84,64,43,0,0,0,0,0,0,0,0,0,0,0,0,0,0,0,0,0,47,55,57,55,50,40,32,0,0,0,0,0,0,0,0,0,0,0,0,0,0,0,0,0,50,70,84,86,76,56,36,0,0,0,0,0,0,0,0,0,0,0,0,0,0,0,0,0,42,62,75,75,81,100,47,0,0,0,0,0,0,0,0,0,0,0,0,0,0,0,0,0,0,0,0,0,0,0,0,0,0,0,0,0,0,0,0,0
ChIJ8XEZQvF6ykwR30BLzWnwI24,Dunkin',"80 Pearl Street, Burlington",0,0,0,0,0,0,1,0,0,0,0,0,0,0,3,0,0,0,0,0,0,0,0,0,0,0,0,0,0,0,0,0,0,0,0,0,0,0,0,0,0,0,0,0,0,0,0,0,0,0,0,0,0,0,0,0,2,0,0,0,0,0,0,0,0,0,0,0,0,0,0,0,0,0,4,0,0,0,0,0,0,0,0,0,7,0,0,0,0,0,0,0,0,0,0,0,10,10,0,0,0,0,0,5,22,40,48,39,27,22,26,33,37,36,30,22,13,0,0,0,0,0,0,0,0,0,0,7,22,46,61,56,42,33,31,31,30,28,25,20,15,0,0,0,0,0,0,0,0,0,0,14,29,46,60,67,66,59,50,41,36,31,27,22,16,0,0,0,0,0,0,0,0,0,0,5,33,75,100,83,50,33,30,33,32,30,25,20,15,0,0,0,0,0,0,0,0,0,0,1,19,79,98,56,41,45,45,41,35,31,27,25,21,0,0,0,0,0,0,0,0,0,0,0,13,29,47,61,67,65,58,52,44,37,29,22,15,0,0,0,0,0,0,0,0,0,0,0,2,13,30,48,63,69,66,58,48,38,29,22,16,0,0,0,0,0
ChIJ67xXC0J7ykwRUY-5E2LNDsM,Kestrel Coffee Roasters,"47 Maple Street, Burlington",0,0,0,0,0,0,0,0,0,0,0,0,0,0,1,0,0,0,0,0,0,0,0,0,0,0,0,0,0,0,0,0,0,0,0,0,0,0,0,0,0,0,0,0,0,0,0,0,0,0,0,0,0,0,0,0,0,0,0,0,0,0,0,0,0,0,0,0,0,0,0,0,0,0,0,0,0,0,0,0,0,0,0,0,0,0,0,0,0,0,0,0,0,0,0,0,NA,NA,0,0,0,0,0,0,0,0,41,85,100,75,72,95,68,0,0,0,0,0,0,0,0,0,0,0,0,0,0,0,0,0,43,45,37,37,41,41,37,0,0,0,0,0,0,0,0,0,0,0,0,0,0,0,0,0,50,66,64,52,50,56,50,0,0,0,0,0,0,0,0,0,0,0,0,0,0,0,0,0,52,41,33,45,58,62,52,0,0,0,0,0,0,0,0,0,0,0,0,0,0,0,0,0,47,60,54,56,70,75,60,0,0,0,0,0,0,0,0,0,0,0,0,0,0,0,0,0,60,68,54,39,52,77,83,0,0,0,0,0,0,0,0,0,0,0,0,0,0,0,0,0,0,0,0,0,0,0,0,0,0,0,0,0,0,0,0,0
ChIJgwnKvFR6ykwRISuCBCkvc48,Tomgirl Kitchen,"266 Pine Street, Burlington",0,0,0,0,0,0,0,0,0,0,0,0,0,0,1,0,0,0,0,0,0,0,0,0,0,0,0,0,0,0,0,0,0,0,0,0,0,0,0,0,0,0,0,0,0,0,0,0,0,0,0,0,0,0,0,0,0,0,0,0,0,0,0,0,0,0,0,0,0,0,0,0,0,0,2,0,0,0,0,0,0,0,0,0,5,0,0,0,0,0,0,0,0,0,0,0,15,15,0,0,0,0,0,0,0,2,2,6,13,18,25,32,0,0,0,0,0,0,0,0,0,0,0,0,0,0,0,0,0,2,4,6,13,25,39,48,0,0,0,0,0,0,0,0,0,0,0,0,0,0,0,0,0,4,9,13,23,34,41,44,0,0,0,0,0,0,0,0,0,0,0,0,0,0,0,0,0,16,30,44,58,60,55,46,0,0,0,0,0,0,0,0,0,0,0,0,0,0,0,0,0,9,13,20,32,44,51,53,0,0,0,0,0,0,0,0,0,0,0,0,0,0,0,0,0,0,0,23,39,48,69,100,69,0,0,0,0,0,0,0,0,0,0,0,0,0,0,0,0,0,0,0,0,0,0,0,0,0,0,0,0,0,0,0,0,0
ChIJa4B7E6l7ykwR-Cjm2Pz1QJ4,Cumberland Farms,"661 Pine Street, Burlington",0,0,0,0,0,0,0,0,0,0,0,0,0,0,3,0,0,0,0,0,0,0,0,0,0,2,0,0,0,0,0,0,0,0,0,0,0,0,1,0,0,0,0,0,0,0,0,0,0,0,0,0,0,0,0,0,0,0,0,0,0,0,0,0,0,0,0,0,0,0,0,0,0,0,0,0,0,0,0,0,0,0,0,0,6,0,0,0,0,0,0,0,0,0,0,0,10,10,1,1,1,1,1,10,35,55,65,68,73,81,88,88,80,69,56,46,38,30,22,14,5,1,1,1,1,1,4,22,44,64,74,73,69,72,81,89,86,74,58,46,39,34,30,25,17,10,2,1,1,1,1,6,25,46,62,71,74,76,81,88,92,93,89,79,66,50,35,20,8,1,1,1,1,1,1,2,38,79,97,85,64,57,62,71,78,80,78,71,60,46,32,18,5,1,1,1,1,1,1,14,43,71,88,93,91,92,97,100,97,86,73,62,56,53,51,46,37,24,10,1,1,1,1,1,7,16,25,32,39,46,55,64,66,59,46,35,33,37,39,35,23,8,1,1,1,1,1,1,1,2,6,10,14,24,37,45,44,35,25,19,16,14,11,7,1,1
ChIJ82C7evp6ykwRnobvW-JjB9o,Burlington Bay Market & Cafe,"125 Battery Street, Burlington",0,0,0,0,0,0,0,0,0,0,0,0,0,0,1,0,0,0,0,0,0,0,0,0,0,0,0,0,0,0,0,0,0,0,0,0,0,0,0,0,0,0,0,0,0,0,0,0,0,0,0,2,0,0,0,0,0,0,0,0,0,0,0,0,0,0,0,0,0,0,0,0,0,0,3,0,0,0,0,0,0,0,0,0,6,0,0,0,0,0,0,0,0,0,0,0,10,45,0,0,0,0,0,0,0,0,0,8,12,19,28,36,37,29,25,37,40,17,1,0,0,0,0,0,0,0,0,0,0,0,0,7,9,13,24,40,49,43,31,35,53,49,23,0,0,0,0,0,0,0,0,0,0,0,0,10,15,21,28,36,43,45,46,50,46,31,14,0,0,0,0,0,0,0,0,0,0,0,0,3,8,16,26,33,36,33,33,45,53,36,12,0,0,0,0,0,0,0,0,0,0,0,0,4,11,22,36,46,49,45,44,54,64,52,25,0,0,0,0,0,0,0,0,0,0,0,0,5,17,39,67,91,100,94,93,93,69,30,6,0,0,0,0,0,0,0,0,0,0,0,0,7,16,27,42,55,63,63,55,42,27,16,7,0,0,0
ChIJfW15Q_d6ykwRL8VkOs6cl8s,Onyx Tonics Specialty Coffee,"126 College Street, Burlington",0,0,0,0,0,0,0,0,0,0,0,0,0,0,1,0,0,0,0,0,0,0,0,0,0,0,0,0,0,0,0,0,0,0,0,0,0,0,0,0,0,0,0,0,0,0,0,0,0,0,0,0,0,0,0,0,0,0,0,0,0,0,0,0,0,0,0,0,0,0,0,0,0,0,0,0,0,0,0,0,0,0,0,0,4,0,0,0,0,0,0,0,0,0,0,0,15,15,0,0,0,0,0,0,0,0,0,13,12,16,22,24,21,15,0,0,0,0,0,0,0,0,0,0,0,0,0,0,0,0,0,7,13,24,36,43,39,27,0,0,0,0,0,0,0,0,0,0,0,0,0,0,0,0,0,24,27,30,31,28,21,12,0,0,0,0,0,0,0,0,0,0,0,0,0,0,0,0,0,25,24,22,19,19,39,27,0,0,0,0,0,0,0,0,0,0,0,0,0,0,0,0,0,7,16,31,43,50,43,30,0,0,0,0,0,0,0,0,0,0,0,0,0,0,0,0,0,24,71,100,84,80,83,57,0,0,0,0,0,0,0,0,0,0,0,0,0,0,0,0,0,12,28,43,48,46,46,34,0,0,0,0,0,0,0,0
ChIJdQDB0ZR6ykwR_uvvxhI6I1A,Scout & Co. O.N.E.,"237 North Avenue, Burlington",0,0,0,0,0,0,0,0,0,0,0,0,0,0,1,0,0,0,0,0,0,0,0,0,0,0,0,0,0,0,0,0,0,0,0,0,0,0,0,0,0,0,0,0,0,0,0,0,0,0,0,0,0,0,0,0,0,0,0,0,0,0,0,0,0,0,0,0,0,0,0,0,0,0,0,0,0,0,0,0,0,0,0,0,4,0,0,0,0,0,0,0,0,0,0,0,10,10,0,0,0,0,0,0,0,0,34,41,47,47,45,39,0,0,0,0,0,0,0,0,0,0,0,0,0,0,0,0,0,0,23,41,54,56,47,36,0,0,0,0,0,0,0,0,0,0,0,0,0,0,0,0,0,0,26,43,56,60,54,41,0,0,0,0,0,0,0,0,0,0,0,0,0,0,0,0,0,0,36,58,76,76,60,39,0,0,0,0,0,0,0,0,0,0,0,0,0,0,0,0,0,0,8,17,28,36,41,45,0,0,0,0,0,0,0,0,0,0,0,0,0,0,0,0,0,0,45,71,93,100,82,54,0,0,0,0,0,0,0,0,0,0,0,0,0,0,0,0,0,0,52,73,91,97,84,63,0,0,0,0,0,0,0,0,0,0
ChIJBZHqIPp6ykwR-tPUr6Bf8ZE,August First,"149 South Champlain Street, Burlington",0,0,0,0,0,0,1,0,0,0,0,0,0,0,2,0,0,0,0,0,0,0,0,0,0,0,0,0,0,0,0,0,0,0,0,0,0,0,0,0,0,0,0,0,0,0,0,0,0,0,0,0,0,0,0,0,0,0,0,0,0,0,0,0,0,0,0,0,0,0,0,0,0,0,3,0,0,0,0,0,0,0,0,0,6,0,0,0,0,0,0,0,0,0,0,0,15,45,0,0,0,0,0,0,0,0,21,34,43,44,35,23,0,0,0,0,0,0,0,0,0,0,0,0,0,0,0,0,0,0,22,35,45,48,40,27,0,0,0,0,0,0,0,0,0,0,0,0,0,0,0,0,0,0,38,52,59,57,45,30,0,0,0,0,0,0,0,0,0,0,0,0,0,0,0,0,0,0,33,47,59,60,48,29,0,0,0,0,0,0,0,0,0,0,0,0,0,0,0,0,0,0,52,54,42,62,100,33,0,0,0,0,0,0,0,0,0,0,0,0,0,0,0,0,0,0,50,73,87,85,67,44,0,0,0,0,0,0,0,0,0,0,0,0,0,0,0,0,0,0,36,64,88,91,67,34,0,0,0,0,0,0,0,0,0,0
ChIJF7TOKKl7ykwRUAV6EwhzRo4,Brio Coffeeworks,"266 Pine Street Suite 116, Burlington",0,0,0,0,0,0,0,0,0,0,0,0,0,0,1,0,0,0,0,0,0,0,0,0,0,0,0,0,0,0,0,0,0,0,0,0,0,0,0,0,0,0,0,0,0,0,0,0,0,0,0,0,0,0,0,0,0,0,0,0,0,0,0,0,0,0,0,0,0,0,0,0,0,0,0,0,0,0,0,0,0,0,0,0,4,0,0,0,0,0,0,0,0,0,0,0,NA,NA,0,0,0,0,0,0,0,0,6,30,25,7,7,9,0,0,0,0,0,0,0,0,0,0,0,0,0,0,0,0,0,0,9,13,16,16,13,9,0,0,0,0,0,0,0,0,0,0,0,0,0,0,0,0,0,0,37,42,25,25,36,33,0,0,0,0,0,0,0,0,0,0,0,0,0,0,0,0,0,0,7,21,33,31,22,18,0,0,0,0,0,0,0,0,0,0,0,0,0,0,0,0,0,0,12,15,15,19,22,13,0,0,0,0,0,0,0,0,0,0,0,0,0,0,0,0,0,0,43,45,100,87,65,69,0,0,0,0,0,0,0,0,0,0,0,0,0,0,0,0,0,0,0,0,0,0,0,0,0,0,0,0,0,0,0,0,0,0
ChIJpZOTdAd7ykwRuJzYQJoHGdo,Café Saint Paul,"196 Saint Paul Street, Burlington",0,0,0,0,0,0,0,0,0,0,0,0,0,0,1,0,0,0,0,0,0,0,0,0,0,0,0,0,0,0,0,0,0,0,0,0,0,0,0,0,0,0,0,0,0,0,0,0,0,0,0,0,0,0,0,0,0,0,0,0,0,0,0,0,0,0,0,0,0,0,0,0,0,0,0,0,0,0,0,0,0,0,0,0,0,0,0,0,0,0,0,0,0,0,0,0,NA,NA,0,0,0,0,0,0,0,0,2,2,7,14,19,23,19,14,0,0,0,0,0,0,0,0,0,0,0,0,0,0,0,0,28,38,47,59,73,80,78,59,0,0,0,0,0,0,0,0,0,0,0,0,0,0,0,0,26,40,45,45,50,57,54,35,0,0,0,0,0,0,0,0,0,0,0,0,0,0,0,4,14,28,42,57,66,69,64,54,40,23,0,0,0,0,0,0,0,0,0,0,0,0,0,2,2,2,14,38,61,66,59,45,30,19,0,0,0,0,0,0,0,0,0,0,0,0,0,2,11,30,57,83,100,97,83,57,33,14,0,0,0,0,0,0,0,0,0,0,0,0,0,0,38,69,85,83,83,92,85,54,0,0,0,0,0,0,0,0
ChIJSdzz9m97ykwRdASMWCNFong,Kru Coffee Collective,"2 Church Street, Burlington",0,0,0,0,0,0,0,0,0,0,0,0,0,0,1,0,0,0,0,0,0,0,0,0,0,0,0,0,0,0,0,0,0,0,0,0,0,0,0,0,0,0,0,0,0,0,0,0,0,0,0,0,0,0,0,0,0,0,0,0,0,0,0,0,0,0,0,0,0,0,0,0,0,0,0,0,0,0,0,0,0,0,0,0,4,0,0,0,0,0,0,0,0,0,0,0,15,15,0,0,0,0,0,0,0,0,21,33,39,48,54,43,20,5,0,0,0,0,0,0,0,0,0,0,0,0,0,0,0,0,17,29,38,40,35,26,18,12,9,0,0,0,0,0,0,0,0,0,0,0,0,0,0,0,26,37,42,42,42,39,33,24,15,0,0,0,0,0,0,0,0,0,0,0,0,0,0,0,27,48,52,45,41,39,30,18,9,0,0,0,0,0,0,0,0,0,0,0,0,0,0,0,45,51,27,38,49,47,37,28,22,0,0,0,0,0,0,0,0,0,0,0,0,0,0,0,22,48,73,86,90,93,90,78,59,39,0,0,0,0,0,0,0,0,0,0,0,0,0,0,8,36,81,100,73,49,51,50,32,12,0,0,0,0,0,0
ChIJP0yVGHB6ykwRIVczQsid9A0,Vivid Coffee Roasters,"150 Cherry Street, Burlington",0,0,0,0,0,0,0,0,0,0,0,0,0,0,1,0,0,0,0,0,0,0,0,0,0,0,0,0,0,0,0,0,0,0,0,0,0,0,0,0,0,0,0,0,0,0,0,0,0,0,0,0,0,0,0,0,0,0,0,0,0,0,0,0,0,0,0,0,0,0,0,0,0,0,2,0,0,0,0,0,0,0,0,0,5,0,0,0,0,0,0,0,0,0,0,0,NA,NA,0,0,0,0,0,0,0,7,12,20,25,25,17,10,0,0,0,0,0,0,0,0,0,0,0,0,0,0,0,0,0,2,5,0,5,10,30,35,0,0,0,0,0,0,0,0,0,0,0,0,0,0,0,0,0,0,0,0,0,0,0,0,0,0,0,0,0,0,0,0,0,0,0,0,0,0,0,0,0,33,53,41,48,41,25,10,0,0,0,0,0,0,0,0,0,0,0,0,0,0,0,0,0,5,17,15,7,20,30,25,0,0,0,0,0,0,0,0,0,0,0,0,0,0,0,0,0,0,56,100,97,71,58,48,35,0,0,0,0,0,0,0,0,0,0,0,0,0,0,0,0,0,0,2,23,48,33,23,20,0,0,0,0,0,0,0,0,0
ChIJP0J4M697ykwRSMZejcavcLE,Lake Champlain Chocolates Factory Store,"750 Pine Street, Burlington",0,0,0,0,0,0,0,0,0,0,0,0,0,0,2,0,0,0,0,0,0,0,0,0,0,0,0,0,0,0,0,0,0,0,0,0,0,0,0,0,0,0,0,0,0,0,0,0,0,0,0,0,0,0,0,0,0,0,0,0,0,0,0,0,0,0,0,0,0,0,0,0,0,0,0,0,0,0,0,0,0,0,0,0,5,0,0,0,0,1,0,0,0,0,0,0,NA,NA,0,0,0,0,0,0,0,0,0,0,18,21,23,31,42,48,40,22,0,0,0,0,0,0,0,0,0,0,0,0,0,0,0,0,21,29,34,35,35,39,38,27,0,0,0,0,0,0,0,0,0,0,0,0,0,0,0,0,20,26,32,36,36,33,27,21,0,0,0,0,0,0,0,0,0,0,0,0,0,0,0,0,31,41,44,40,34,35,42,40,0,0,0,0,0,0,0,0,0,0,0,0,0,0,0,0,25,32,38,46,55,57,46,27,0,0,0,0,0,0,0,0,0,0,0,0,0,0,0,0,34,83,100,64,51,82,89,46,0,0,0,0,0,0,0,0,0,0,0,0,0,0,0,0,7,24,41,41,37,44,20,0,0,0,0,0,0,0
ChIJqTAvO0N6ykwR4f5jgPAzJhM,Starbucks,"49 Church Street #2072, Burlington",0,0,0,0,0,0,0,0,0,0,0,0,0,0,1,0,0,0,0,0,0,0,0,0,0,0,0,0,0,0,0,0,0,0,0,0,0,0,0,0,0,0,0,0,0,0,0,0,0,0,0,0,0,0,0,0,0,0,0,0,0,0,0,0,0,0,0,0,0,0,0,0,0,0,2,0,0,0,0,0,0,0,0,0,5,0,0,0,0,0,0,0,0,0,0,0,15,15,0,0,0,0,0,0,0,8,10,11,14,22,32,37,37,39,40,37,25,13,0,0,0,0,0,0,0,0,0,0,0,3,6,11,17,24,34,43,51,53,47,36,23,13,0,0,0,0,0,0,0,0,0,0,0,23,20,12,12,20,31,41,48,47,40,30,19,9,0,0,0,0,0,0,0,0,0,0,0,15,22,28,32,32,31,32,37,43,45,38,25,12,0,0,0,0,0,0,0,0,0,0,0,35,53,36,19,22,35,48,57,59,51,39,25,14,0,0,0,0,0,0,0,0,0,0,0,26,40,36,41,68,91,96,96,100,97,77,46,20,0,0,0,0,0,0,0,0,0,0,0,14,21,28,36,48,67,85,92,82,60,35,16,5,0,0,0,0
ChIJIZ9DB_d6ykwRURs22viz00o,Dobra Tea,"80 Church Street, Burlington",0,0,0,0,0,0,0,0,0,0,0,0,0,0,1,0,0,0,0,0,0,0,0,0,0,0,0,0,0,0,0,0,0,0,0,0,0,0,0,0,0,0,0,0,0,0,0,0,0,0,0,0,0,0,0,0,0,0,0,0,0,0,0,0,0,0,0,0,0,0,0,0,0,0,0,0,0,0,0,0,0,0,0,0,0,0,0,0,0,0,0,0,0,0,0,0,20,20,0,0,0,0,0,0,0,0,0,0,0,0,18,30,39,41,34,23,13,0,0,0,0,0,0,0,0,0,0,0,0,0,0,0,0,0,30,25,18,27,30,20,11,0,0,0,0,0,0,0,0,0,0,0,0,0,0,0,0,0,11,23,34,41,41,32,18,0,0,0,0,0,0,0,0,0,0,0,0,0,0,0,0,0,20,30,39,41,37,27,18,0,0,0,0,0,0,0,0,0,0,0,0,0,0,0,0,0,11,25,39,46,39,25,11,0,0,0,0,0,0,0,0,0,0,0,0,0,0,0,0,0,30,60,90,100,83,51,23,0,0,0,0,0,0,0,0,0,0,0,0,0,0,0,0,0,58,65,65,67,44,0,0,0,0,0,0,0
ChIJC3nI4vZ6ykwRm8Zh4mbRc0A,Lake Champlain Chocolates,"65 Church Street, Burlington",0,0,0,0,0,0,0,0,0,0,0,0,0,0,1,0,0,0,0,0,0,0,0,0,0,0,0,0,0,0,0,0,0,0,0,0,0,0,0,0,0,0,0,0,0,0,0,0,0,0,0,0,0,0,0,0,0,0,0,0,0,0,0,0,0,0,0,0,0,0,0,0,0,0,0,0,0,0,0,0,0,0,0,0,4,0,0,0,0,0,0,0,0,0,0,0,15,15,0,0,0,0,0,0,0,0,0,0,0,10,18,26,27,21,12,5,0,0,0,0,0,0,0,0,0,0,0,0,0,0,0,0,0,7,15,23,31,31,25,16,0,0,0,0,0,0,0,0,0,0,0,0,0,0,0,0,0,7,7,12,23,30,22,8,0,0,0,0,0,0,0,0,0,0,0,0,0,0,0,0,0,12,26,40,47,42,28,15,0,0,0,0,0,0,0,0,0,0,0,0,0,0,0,0,0,2,15,32,35,27,36,52,46,23,0,0,0,0,0,0,0,0,0,0,0,0,0,0,0,32,81,87,72,88,100,81,46,17,0,0,0,0,0,0,0,0,0,0,0,0,0,0,0,27,50,36,38,48,30,8,0,0,0,0,0,0
ChIJIc1foEx7ykwRw-G5Im1QP_Y,Burlington Bagel Bakery,"93 Church Street, Burlington",0,0,0,0,0,0,2,0,0,0,0,0,0,0,3,0,0,0,0,0,0,0,0,0,0,0,0,0,0,0,0,0,0,0,0,0,0,0,0,0,0,0,0,0,0,0,0,0,0,0,0,0,0,0,0,0,0,0,0,0,0,0,0,0,0,0,0,0,0,0,0,0,0,0,1,0,0,0,0,0,0,0,0,0,6,0,0,0,0,0,0,0,0,0,0,0,15,15,0,0,0,0,0,0,0,0,6,15,29,37,34,22,10,0,0,0,0,0,0,0,0,0,0,0,0,0,0,0,0,0,24,24,21,28,28,20,10,0,0,0,0,0,0,0,0,0,0,0,0,0,0,0,0,0,26,28,21,34,38,25,9,0,0,0,0,0,0,0,0,0,0,0,0,0,0,0,0,0,8,15,20,31,36,25,10,0,0,0,0,0,0,0,0,0,0,0,0,0,0,0,0,0,5,15,28,33,29,24,15,0,0,0,0,0,0,0,0,0,0,0,0,0,0,0,0,0,11,32,66,96,100,73,38,0,0,0,0,0,0,0,0,0,0,0,0,0,0,0,0,0,8,24,41,60,67,44,15,0,0,0,0,0,0,0,0,0
ChIJGWYkX_Z6ykwR43-U0urQKZY,Penny Cluse,"169 Cherry Street, Burlington",0,0,0,0,0,0,0,0,0,0,0,0,0,0,1,0,0,0,0,0,0,0,0,0,0,0,0,0,0,0,0,0,0,0,0,0,0,0,0,0,0,0,0,0,0,0,0,0,0,0,0,0,0,0,0,0,0,0,0,0,0,0,0,0,0,0,0,0,0,0,0,0,0,0,2,0,0,0,0,0,0,0,0,0,0,0,0,0,0,0,0,0,0,0,0,0,NA,NA,0,0,0,0,0,0,0,0,0,72,45,16,32,30,10,0,0,0,0,0,0,0,0,0,0,0,0,0,0,0,0,0,0,0,0,0,0,0,0,0,0,0,0,0,0,0,0,0,0,0,0,0,0,0,0,0,0,0,0,0,0,0,0,0,0,0,0,0,0,0,0,0,0,0,0,0,0,0,0,0,0,0,0,0,0,0,0,0,0,0,0,0,0,0,0,0,0,0,0,0,0,0,0,0,0,54,85,81,83,52,18,0,0,0,0,0,0,0,0,0,0,0,0,0,0,0,0,0,0,80,50,63,100,65,20,0,0,0,0,0,0,0,0,0,0,0,0,0,0,0,0,0,0,36,56,70,72,58,40,0,0,0,0,0,0,0,0,0
ChIJodjOpvd6ykwRG3vse0OtI70,Cosmic Grind Coffee Shop,"104 Church Street, Burlington",0,0,0,0,0,0,0,0,0,0,0,0,0,0,1,0,0,0,0,0,0,0,0,0,0,0,0,0,0,0,0,0,0,0,0,0,0,0,0,0,0,0,0,0,0,0,0,0,0,0,0,0,0,0,0,0,0,0,0,0,0,0,0,0,0,0,0,0,0,0,0,0,0,0,0,0,0,0,0,0,0,0,0,0,4,0,0,0,0,0,0,0,0,0,0,0,NA,NA,0,0,0,0,0,0,0,0,0,0,14,32,40,30,0,0,0,0,0,0,0,0,0,0,0,0,0,0,0,0,0,0,0,0,36,68,78,56,0,0,0,0,0,0,0,0,0,0,0,0,0,0,0,0,0,0,0,0,14,22,26,28,0,0,0,0,0,0,0,0,0,0,0,0,0,0,0,0,0,0,0,0,32,46,46,36,0,0,0,0,0,0,0,0,0,0,0,0,0,0,0,0,0,0,0,0,8,42,84,68,0,0,0,0,0,0,0,0,0,0,0,0,0,0,0,0,0,0,0,0,46,80,100,86,0,0,0,0,0,0,0,0,0,0,0,0,0,0,0,0,0,0,0,0,28,56,70,58,0,0,0,0,0,0,0,0,0,0
ChIJfV4JZu97ykwRdEnPFElqBmI,"Black Cap Coffee & Beer, Pastries, Sandwiches,,espresso, Lattes","42 Church Street, Burlington",0,0,0,0,0,0,0,0,0,0,0,0,0,0,1,0,0,0,0,0,0,0,0,0,0,0,0,0,0,0,0,0,0,0,0,0,0,0,0,0,0,0,0,0,0,0,0,0,0,0,0,0,0,0,0,0,0,0,0,0,0,0,0,0,0,0,0,0,0,0,0,0,0,0,0,0,0,0,0,0,0,0,0,0,4,0,0,0,0,0,0,0,0,0,0,0,NA,NA,0,0,0,0,0,0,0,0,0,0,0,0,0,0,0,0,0,0,0,0,0,0,0,0,0,0,0,0,0,0,0,0,0,0,0,0,0,0,0,0,0,0,0,0,0,0,0,0,0,0,0,0,0,0,0,0,0,0,0,0,0,0,0,0,0,0,0,0,0,0,0,0,0,0,0,0,0,0,0,0,21,28,32,32,32,32,28,17,7,0,0,0,0,0,0,0,0,0,0,0,0,0,0,32,28,0,25,35,42,39,28,21,46,14,0,0,0,0,0,0,0,0,0,0,0,0,0,0,3,25,67,92,85,82,96,100,78,46,0,0,0,0,0,0,0,0,0,0,0,0,0,0,7,17,28,35,32,21,28,25,0,0,0,0,0,0,0,0
ChIJfcnm_3J7ykwRSH3_h4KK-JY,Carrier Roasting Co.,"242 North Winooski Avenue Suite 3, Burlington",0,0,0,0,0,0,0,0,0,0,0,0,0,0,1,0,0,0,0,0,0,0,0,0,0,0,0,0,0,0,0,0,0,0,0,0,0,0,0,0,0,0,0,0,0,0,0,0,0,0,0,0,0,0,0,0,0,0,0,0,0,0,0,0,0,0,0,0,0,0,0,0,0,0,0,0,0,0,0,0,0,0,0,0,0,0,0,0,0,0,0,0,0,0,0,0,NA,NA,0,0,0,0,0,0,0,16,20,24,28,28,24,0,0,0,0,0,0,0,0,0,0,0,0,0,0,0,0,0,0,0,0,0,0,0,0,0,0,0,0,0,0,0,0,0,0,0,0,0,0,0,0,0,0,36,48,44,48,56,44,0,0,0,0,0,0,0,0,0,0,0,0,0,0,0,0,0,0,40,44,32,52,64,36,0,0,0,0,0,0,0,0,0,0,0,0,0,0,0,0,0,0,32,80,100,72,48,48,52,48,0,0,0,0,0,0,0,0,0,0,0,0,0,0,0,0,0,28,40,32,36,36,28,12,0,0,0,0,0,0,0,0,0,0,0,0,0,0,0,0,0,12,20,28,28,24,32,60,0,0,0,0,0,0,0,0,0
ChIJJ8gEhWF6ykwRRK_C8c9ckJs,Cumberland Farms,"454 Riverside Avenue, Burlington",0,0,0,0,0,0,0,0,0,0,0,0,0,0,3,0,0,0,0,0,0,0,0,0,0,2,0,0,0,0,0,0,0,0,0,0,0,0,1,0,0,0,0,0,0,0,0,0,0,0,0,0,0,0,0,0,0,0,0,0,0,0,0,0,0,0,0,0,0,0,0,0,0,0,0,0,0,0,0,0,0,0,0,0,6,0,0,0,0,0,0,0,0,0,0,0,10,10,1,1,1,1,1,1,12,31,47,57,57,54,52,62,80,92,81,55,35,36,51,61,53,27,1,1,1,1,1,3,15,29,45,59,68,72,71,67,62,57,54,51,50,47,43,37,29,19,10,2,1,1,1,9,22,37,51,62,69,73,73,72,70,69,69,70,69,65,58,48,34,21,9,1,1,1,1,13,31,50,65,72,69,59,50,50,58,68,69,60,49,43,42,42,38,30,19,7,1,1,1,6,30,51,62,62,56,53,58,73,90,100,96,82,66,58,59,63,60,45,21,1,1,1,1,1,9,33,56,72,78,77,72,69,69,70,67,60,53,53,60,66,59,37,7,1,1,1,1,1,1,11,26,38,45,46,45,43,43,42,41,38,35,34,34,31,22,8
ChIJmT_mPK57ykwRAkV5H2zA12A,Dunkin',"206 Shelburne Road, Burlington",0,0,0,0,0,0,1,0,0,0,0,0,0,0,3,0,0,0,0,0,0,0,0,0,0,0,0,0,0,0,0,0,0,0,0,0,0,0,0,0,0,0,0,0,0,0,0,0,0,0,0,0,0,0,0,0,2,0,0,0,0,0,0,0,0,0,0,0,0,0,0,0,0,0,4,0,0,0,0,0,0,0,0,0,7,0,0,0,0,0,0,0,0,0,0,0,10,10,0,0,0,0,0,0,10,30,49,52,45,41,44,47,47,43,36,26,18,0,0,0,0,0,0,0,0,0,0,2,12,36,61,66,68,72,66,52,38,29,22,0,0,0,0,0,0,0,0,0,0,0,0,6,21,41,60,67,63,56,53,52,45,33,22,14,9,0,0,0,0,0,0,0,0,0,0,5,27,59,73,62,46,43,46,46,42,35,27,20,15,0,0,0,0,0,0,0,0,0,0,1,24,75,99,76,61,57,49,40,33,31,28,22,13,0,0,0,0,0,0,0,0,0,0,0,5,20,50,83,100,88,59,32,17,12,10,8,6,0,0,0,0,0,0,0,0,0,0,0,5,16,33,53,71,80,76,63,46,30,19,11,6,0,0,0,0,0
ChIJqQKkNPZ6ykwRcU1DV1R0onU,City Market/Onion River Co-op,"82 South Winooski Avenue, Burlington",0,0,0,0,0,0,0,0,0,0,0,0,0,0,3,0,0,0,0,0,0,0,0,0,0,0,0,0,0,0,0,0,0,0,0,0,0,0,0,0,0,0,0,0,0,0,0,0,0,0,0,0,0,0,0,0,0,0,0,0,0,0,0,0,0,0,0,0,0,0,0,0,0,0,0,0,0,0,0,0,0,0,0,0,6,0,2,0,0,0,0,0,0,0,0,0,15,15,0,0,0,0,0,0,0,30,42,52,61,67,71,74,75,73,67,59,48,35,24,13,0,0,0,0,0,0,0,0,0,46,57,60,65,78,90,91,82,75,73,71,65,53,37,22,0,0,0,0,0,0,0,0,0,40,53,61,69,81,92,93,85,77,75,74,68,55,37,21,0,0,0,0,0,0,0,0,0,34,46,59,71,85,96,100,95,87,80,74,66,54,40,26,0,0,0,0,0,0,0,0,0,37,48,57,65,75,84,89,89,87,83,78,69,55,38,22,0,0,0,0,0,0,0,0,0,25,35,45,55,65,74,80,80,74,69,68,68,62,46,26,0,0,0,0,0,0,0,0,0,19,29,39,50,58,65,68,69,68,63,56,47,36,25,14,0,0
ChIJi0SyKUV6ykwRti6ZOkWuN9A,Henderson's Cafe,"590 Main Street, Burlington",0,0,0,0,0,0,0,0,0,0,0,0,0,0,1,0,0,0,0,0,0,0,0,0,0,0,0,0,0,0,0,0,0,0,0,0,0,0,0,0,0,0,0,0,0,0,0,0,0,0,0,0,0,0,0,0,0,0,0,0,0,0,0,0,0,0,0,0,0,0,0,0,0,0,0,0,0,0,0,0,0,0,0,0,4,0,0,0,0,0,0,0,0,0,0,0,NA,NA,0,0,0,0,0,0,0,0,33,74,100,96,85,74,48,22,0,0,0,0,0,0,0,0,0,0,0,0,0,0,0,0,25,37,44,44,37,44,51,29,0,0,0,0,0,0,0,0,0,0,0,0,0,0,0,0,11,33,55,70,55,37,44,55,0,0,0,0,0,0,0,0,0,0,0,0,0,0,0,0,29,66,48,59,77,62,48,37,0,0,0,0,0,0,0,0,0,0,0,0,0,0,0,0,0,74,81,51,74,92,81,55,0,0,0,0,0,0,0,0,0,0,0,0,0,0,0,0,0,0,0,0,0,0,0,0,0,0,0,0,0,0,0,0,0,0,0,0,0,0,0,0,0,0,0,0,0,0,0,0,0,0,0,0,0,0,0,0
ChIJeRSOefB6ykwRWrVoeTmhoy0,The Skinny Pancake,"60 Lake Street, Burlington",0,0,0,0,0,0,0,0,0,0,0,0,0,0,0,0,0,0,0,0,0,0,0,0,0,0,0,0,0,0,0,0,0,0,0,0,0,0,0,0,0,0,0,0,0,0,0,0,0,0,0,0,0,0,0,0,0,0,0,0,0,0,0,0,0,0,0,0,0,0,0,0,0,0,1,0,0,0,0,0,0,0,0,0,0,0,0,0,0,0,0,0,0,0,0,0,25,90,0,0,0,0,0,0,0,0,8,19,31,32,25,20,19,18,16,14,11,0,0,0,0,0,0,0,0,0,0,0,0,0,0,0,0,0,0,0,0,0,0,0,0,0,0,0,0,0,0,0,0,0,0,0,0,0,17,38,54,53,44,40,39,37,32,25,17,0,0,0,0,0,0,0,0,0,0,0,0,0,25,46,55,46,33,43,40,21,19,18,14,0,0,0,0,0,0,0,0,0,0,0,0,0,24,51,52,42,48,49,38,29,25,22,19,0,0,0,0,0,0,0,0,0,0,0,0,0,32,68,93,94,94,100,80,60,55,49,39,0,0,0,0,0,0,0,0,0,0,0,0,0,35,67,93,96,75,48,0,0,0,0,0,0,0,0,0,0
ChIJ564szPt6ykwR4W4tIUZxqiI,Shanty on the Shore,"181 Battery Street, Burlington",0,0,0,0,0,0,0,0,1,0,0,0,0,0,0,0,0,0,0,0,0,0,0,0,0,0,0,0,0,0,0,0,0,0,0,0,0,0,0,0,0,0,0,0,0,0,0,0,0,0,0,0,0,0,0,0,0,0,0,0,0,0,0,0,0,0,0,0,0,0,0,0,0,0,2,0,0,0,0,0,0,0,0,0,0,0,0,0,0,0,0,0,0,0,0,0,90,90,0,0,0,0,0,0,0,0,0,0,0,0,0,0,0,0,0,0,0,0,0,0,0,0,0,0,0,0,0,0,0,0,0,0,0,0,0,0,0,0,0,0,0,0,0,0,0,0,0,0,0,0,0,0,0,0,0,0,0,0,28,50,34,9,15,46,75,63,0,0,0,0,0,0,0,0,0,0,0,0,0,0,0,0,17,25,26,26,36,57,71,55,0,0,0,0,0,0,0,0,0,0,0,0,0,0,0,0,38,53,57,50,38,53,100,88,28,0,0,0,0,0,0,0,0,0,0,0,0,0,0,0,51,76,90,86,73,65,65,61,50,0,0,0,0,0,0,0,0,0,0,0,0,0,0,0,19,28,38,40,36,28,19,9,0,0,0,0
ChIJ4aDGW_d6ykwRgas23Dv7WUg,Sherpa Kitchen,"119 College Street, Burlington",0,0,0,0,0,0,0,0,0,0,0,0,0,0,0,0,0,0,0,0,0,0,0,0,0,0,0,0,0,0,0,0,0,0,0,0,0,0,0,0,0,0,0,0,0,0,0,0,0,0,0,0,0,0,0,0,0,0,0,0,0,0,0,0,0,0,0,0,0,0,0,0,0,0,1,0,0,0,0,0,0,0,0,0,0,0,0,0,0,0,0,0,0,0,0,0,15,15,0,0,0,0,0,0,0,0,0,0,0,29,36,40,0,0,0,47,50,47,36,0,0,0,0,0,0,0,0,0,0,0,0,0,0,32,40,39,0,0,0,47,62,63,49,0,0,0,0,0,0,0,0,0,0,0,0,0,0,50,80,68,0,0,0,49,73,67,37,0,0,0,0,0,0,0,0,0,0,0,0,0,0,44,54,49,0,0,0,44,45,42,31,0,0,0,0,0,0,0,0,0,0,0,0,0,0,44,63,67,0,0,0,62,75,62,34,0,0,0,0,0,0,0,0,0,0,0,0,0,0,42,60,55,0,0,0,85,100,81,47,0,0,0,1,1,1,1,1,1,1,1,1,3,4,18,42,50,45,49,55,50,0,0,0,0,0,0
ChIJsZHenzZ7ykwRFaMElutCiqo,Saigon Kitchen,"112 North Street, Burlington",0,0,0,0,0,0,0,0,0,0,0,0,0,0,0,0,0,0,0,0,0,0,0,0,0,0,0,0,0,0,0,0,0,0,0,0,0,0,0,0,0,0,0,0,0,0,0,0,0,0,0,0,0,0,0,0,0,0,0,0,0,0,0,0,0,0,0,0,0,0,0,0,0,0,1,0,0,0,0,0,0,0,0,0,0,0,0,0,0,0,0,0,0,0,0,0,NA,NA,0,0,0,0,0,0,0,0,0,0,0,5,11,11,17,23,23,58,82,29,29,0,0,0,0,0,0,0,0,0,0,0,0,0,0,0,0,0,0,0,0,0,0,0,0,0,0,0,0,0,0,0,0,0,0,0,0,0,0,5,5,5,5,5,11,35,64,64,35,0,0,0,0,0,0,0,0,0,0,0,0,0,0,5,5,11,11,5,5,11,11,11,5,0,0,0,0,0,0,0,0,0,0,0,0,0,0,5,5,5,11,17,47,82,100,76,41,0,0,0,0,0,0,0,0,0,0,0,0,0,0,0,29,35,47,47,47,52,58,58,47,0,0,0,0,0,0,0,0,0,0,0,0,0,0,0,5,23,47,29,17,17,17,17,11,0,0,0
ChIJSak80at7ykwRUxRmWCJgcKA,Restaurant Poco,"55 Main Street, Burlington",0,0,0,0,0,0,0,0,2,0,0,0,0,0,0,0,0,0,0,0,0,0,0,0,0,0,0,0,0,0,0,0,0,0,0,0,0,0,0,0,0,0,0,0,0,0,0,0,0,0,0,0,0,0,0,0,0,0,0,0,0,0,0,0,0,0,0,0,0,0,0,0,0,0,1,0,0,0,0,0,0,0,0,0,0,0,0,0,0,0,0,0,0,0,0,0,NA,NA,0,0,0,0,0,0,0,0,0,0,0,0,0,0,0,0,0,0,0,0,0,0,0,0,0,0,0,0,0,0,0,0,0,0,0,0,0,0,0,0,0,0,0,0,0,0,0,0,0,0,0,0,0,0,0,0,0,0,0,0,0,0,0,0,32,53,74,79,60,0,0,0,0,0,0,0,0,0,0,0,0,0,0,0,0,0,0,0,51,67,69,60,44,0,0,0,0,0,0,0,0,0,0,0,0,0,0,0,0,0,0,0,48,62,86,100,95,72,0,0,0,0,0,0,0,0,0,0,0,0,0,0,0,0,0,0,46,67,74,72,74,69,0,0,0,0,0,0,0,0,0,0,0,0,0,0,0,0,0,0,0,0,0,0,0,0,0,0
ChIJ08Sdg_J6ykwRqvf4a6RyW8E,Nunyuns Bakery & Cafe,"139 North Champlain Street, Burlington",0,0,0,0,0,0,1,0,0,0,0,0,0,0,0,0,0,0,0,0,0,0,0,0,0,0,0,0,0,0,0,0,0,0,0,0,0,0,0,0,0,0,0,0,0,0,0,0,0,0,0,0,0,0,0,0,0,0,0,0,0,0,0,0,0,0,0,0,0,0,0,0,0,0,2,0,0,0,0,0,0,0,0,0,5,0,0,0,0,0,0,0,0,0,0,0,NA,NA,0,0,0,0,0,0,0,0,0,0,0,0,0,0,0,0,0,0,0,0,0,0,0,0,0,0,0,0,0,0,0,0,0,0,0,0,0,0,0,0,0,0,0,0,0,0,0,0,0,0,0,0,0,0,0,0,6,20,23,20,33,33,0,0,0,0,0,0,0,0,0,0,0,0,0,0,0,0,0,0,0,0,0,0,0,0,0,0,0,0,0,0,0,0,0,0,0,0,0,0,0,0,0,0,20,30,33,30,20,10,0,0,0,0,0,0,0,0,0,0,0,0,0,0,0,0,0,0,36,70,96,100,76,43,0,0,0,0,0,0,0,0,0,0,0,0,0,0,0,0,0,0,20,46,63,53,40,26,0,0,0,0,0,0,0,0,0,0
ChIJh9EPbfl6ykwRGYADYuxD_5Y,Handy's Lunch,"74 Maple Street, Burlington",0,0,0,0,0,0,0,0,0,0,0,0,0,0,0,0,0,0,0,0,0,0,0,0,0,0,0,0,0,0,0,0,0,0,0,0,0,0,0,0,0,0,0,0,0,0,0,0,0,0,0,0,0,0,0,0,0,0,0,0,0,0,0,0,0,0,0,0,0,0,0,0,0,0,1,0,0,0,0,0,0,0,0,0,4,0,0,0,0,0,0,0,0,0,0,0,15,45,0,0,0,0,0,0,0,0,35,37,33,35,37,31,0,0,0,0,0,0,0,0,0,0,0,0,0,0,0,0,0,0,33,52,27,62,81,35,0,0,0,0,0,0,0,0,0,0,0,0,0,0,0,0,0,0,66,87,37,33,50,31,0,0,0,0,0,0,0,0,0,0,0,0,0,0,0,0,0,0,56,47,16,52,100,70,0,0,0,0,0,0,0,0,0,0,0,0,0,0,0,0,0,0,75,72,50,79,95,45,0,0,0,0,0,0,0,0,0,0,0,0,0,0,0,0,0,0,47,91,95,85,41,0,0,0,0,0,0,0,0,0,0,0,0,0,0,0,0,0,0,0,4,25,58,77,60,0,0,0,0,0,0,0,0,0,0,0
ChIJL7rsS957ykwR1s1tsb33xts,Saigon Kitchen,"112 North Street, Burlington",0,0,0,0,0,0,0,0,0,0,0,0,0,0,0,0,0,0,0,0,0,0,0,0,0,0,0,0,0,0,0,0,0,0,0,0,0,0,0,0,0,0,0,0,0,0,0,0,0,0,0,0,0,0,0,0,0,0,0,0,0,0,0,0,0,0,0,0,0,0,0,0,0,0,1,0,0,0,0,0,0,0,0,0,0,0,0,0,0,0,0,0,0,0,0,0,NA,NA,0,0,0,0,0,0,0,0,0,0,0,5,11,11,17,23,23,58,82,29,29,0,0,0,0,0,0,0,0,0,0,0,0,0,0,0,0,0,0,0,0,0,0,0,0,0,0,0,0,0,0,0,0,0,0,0,0,0,0,5,5,5,5,5,11,35,64,64,35,0,0,0,0,0,0,0,0,0,0,0,0,0,0,5,5,11,11,5,5,11,11,11,5,0,0,0,0,0,0,0,0,0,0,0,0,0,0,5,5,5,11,17,47,82,100,76,41,0,0,0,0,0,0,0,0,0,0,0,0,0,0,0,29,35,47,47,47,52,58,58,47,0,0,0,0,0,0,0,0,0,0,0,0,0,0,0,5,23,47,29,17,17,17,17,11,0,0,0
ChIJDZdlQ_96ykwRmnFVcuh8Fxk,Four Corners of the Earth,"310 Pine Street, Burlington",0,0,0,0,0,0,0,0,1,0,0,0,0,0,0,0,0,0,0,0,0,0,0,0,0,0,0,0,0,0,0,0,0,0,0,0,0,0,0,0,0,0,0,0,0,0,0,0,0,0,0,0,0,0,0,0,0,0,0,0,0,0,0,0,0,0,0,0,0,0,0,0,0,0,2,0,0,0,0,0,0,0,0,0,5,0,0,0,0,0,0,0,0,0,0,0,NA,NA,0,0,0,0,0,0,0,0,0,0,0,0,0,0,0,0,0,0,0,0,0,0,0,0,0,0,0,0,0,0,0,0,0,0,0,0,0,0,0,0,0,0,0,0,0,0,0,0,0,0,0,0,0,0,0,0,0,0,0,0,0,0,0,0,0,0,0,0,0,0,0,0,0,0,0,0,0,0,0,0,0,0,0,0,48,74,83,70,45,25,0,0,0,0,0,0,0,0,0,0,0,0,0,0,0,0,0,0,54,83,83,70,58,45,0,0,0,0,0,0,0,0,0,0,0,0,0,0,0,0,0,0,58,93,96,77,67,67,0,0,0,0,0,0,0,0,0,0,0,0,0,0,0,0,0,0,67,80,87,93,100,67,0,0,0,0,0,0
ChIJlVAT1ah7ykwRM8WLmOL_4sc,The Great Northern,"716 Pine Street, Burlington",0,0,0,0,0,0,0,0,1,0,0,0,0,0,0,0,0,0,0,0,0,0,0,0,0,0,0,0,0,0,0,0,0,0,0,0,0,0,0,0,0,0,0,0,0,0,0,0,0,0,0,0,0,0,0,0,0,0,0,0,0,0,0,0,0,0,0,0,0,0,0,0,0,0,2,0,0,0,0,0,0,0,0,0,0,0,0,0,0,0,0,0,0,0,0,0,NA,NA,0,0,0,0,0,0,0,0,0,0,0,0,60,65,76,86,92,86,73,55,0,0,0,0,0,0,0,0,0,0,0,0,0,0,0,0,68,78,81,78,71,63,50,31,0,0,0,0,0,0,0,0,0,0,0,0,0,0,0,0,76,81,71,55,52,65,63,39,0,0,0,0,0,0,0,0,0,0,0,0,0,0,0,0,39,47,52,50,47,50,60,68,0,0,0,0,0,0,0,0,0,0,0,0,0,0,0,0,23,34,21,18,36,73,97,94,0,0,0,0,0,0,0,0,0,0,0,0,0,0,0,0,28,42,55,63,76,89,100,100,0,0,0,0,0,0,0,0,0,0,0,0,0,0,0,0,52,71,65,60,60,60,57,55,0,0,0,0
ChIJF7TOKKl7ykwRklBDOjEfo4Q,New World Tortilla,"696 Pine Street, Burlington",0,0,0,0,0,0,0,0,0,0,0,0,0,0,0,0,0,0,0,0,0,0,0,0,0,0,0,0,0,0,0,0,0,0,0,0,0,0,0,0,0,0,0,0,0,0,0,0,0,0,0,0,0,0,0,0,0,0,0,0,0,0,0,0,0,0,0,0,0,0,0,0,0,0,1,0,0,0,0,0,0,0,0,0,0,0,0,0,0,0,0,0,0,0,0,0,15,15,0,0,0,0,0,0,0,0,0,0,0,89,100,83,58,48,54,63,64,53,34,0,0,0,0,0,0,0,0,0,0,0,0,0,0,68,63,53,48,53,64,73,72,60,41,0,0,0,0,0,0,0,0,0,0,0,0,0,0,78,77,68,59,58,62,67,65,58,44,0,0,0,0,0,0,0,0,0,0,0,0,0,0,72,79,81,75,68,67,73,78,64,37,0,0,0,0,0,0,0,0,0,0,0,0,0,0,78,91,93,89,86,86,89,88,77,55,0,0,0,0,0,0,0,0,0,0,0,0,0,0,0,0,0,0,0,0,0,0,0,0,0,0,0,0,0,0,0,0,0,0,0,0,0,0,0,0,0,0,0,0,0,0,0,0,0,0,0
ChIJtegI1ah7ykwRO__e8etzz_M,Zero Gravity Brewery,"716 Pine Street, Burlington",0,0,0,0,0,0,0,0,1,0,0,0,0,0,0,0,0,0,0,0,0,0,0,0,0,0,0,0,0,0,0,0,0,0,0,0,0,0,0,0,0,0,0,0,0,0,0,0,0,0,0,0,0,0,0,0,0,0,0,0,0,0,0,0,0,0,0,0,0,0,0,0,0,0,2,0,0,0,0,0,0,0,0,0,0,0,0,0,0,0,0,0,0,0,0,0,NA,NA,0,0,0,0,0,0,0,0,13,14,16,20,24,27,30,35,39,37,30,19,0,0,0,0,0,0,0,0,0,0,0,0,12,16,20,23,25,25,25,28,42,60,57,32,0,0,0,0,0,0,0,0,0,0,0,0,14,18,21,24,25,25,26,29,40,55,61,50,0,0,0,0,0,0,0,0,0,0,0,0,16,16,14,15,22,29,32,35,42,49,45,31,0,0,0,0,0,0,0,0,0,0,0,0,8,12,16,21,30,41,50,54,58,70,78,60,0,0,0,0,0,0,0,0,0,0,0,0,1,1,7,24,47,70,86,97,100,90,67,41,0,0,0,0,0,0,0,0,0,0,0,0,1,1,5,14,26,39,51,60,60,51,35,20,0,0,0,0
ChIJS2Vbdql7ykwRbqDH7qWLMRQ,Pizza 44,"703 Pine Street, Burlington",0,0,0,0,0,0,0,0,0,0,0,0,0,0,0,0,0,0,0,0,0,0,0,0,0,0,0,0,0,0,0,0,0,0,0,0,0,0,0,0,0,0,0,0,0,0,0,0,0,0,0,0,0,0,0,0,0,0,0,0,0,0,0,0,0,0,0,0,0,0,0,0,0,0,1,0,0,0,0,0,0,0,0,0,0,0,0,0,0,0,0,0,0,0,0,0,10,60,0,0,0,0,0,0,0,0,0,0,0,35,38,38,35,35,35,33,26,16,0,0,0,0,0,0,0,0,0,0,0,0,0,0,0,32,33,30,40,70,78,63,67,56,0,0,0,0,0,0,0,0,0,0,0,0,0,0,0,29,33,36,36,33,33,43,56,49,0,0,0,0,0,0,0,0,0,0,0,0,0,0,0,14,16,21,28,42,45,36,45,50,0,0,0,0,0,0,0,0,0,0,0,0,0,0,0,26,28,30,40,56,70,83,98,100,67,0,0,0,0,0,0,0,0,0,0,0,0,0,0,21,30,38,43,47,57,77,98,97,70,0,0,0,0,0,0,0,0,0,0,0,0,0,0,15,26,30,26,28,39,49,47,32,0,0,0,0
ChIJw7wl6bJwykwRugqpoZGSygk,Citizen Cider,"316 Pine Street #114, Burlington",0,0,0,0,0,0,0,0,1,0,0,0,0,0,0,0,0,0,0,0,0,0,0,0,0,0,0,0,0,0,0,0,0,0,0,0,0,0,0,0,0,0,0,0,0,0,0,0,0,0,0,0,0,0,0,0,0,0,0,0,0,0,0,0,0,0,0,0,0,0,0,0,0,0,2,0,0,0,0,0,0,0,0,0,0,0,0,0,0,0,0,0,0,0,0,0,NA,NA,0,0,0,0,0,0,0,0,0,0,0,0,0,0,0,0,0,0,0,0,0,0,0,0,0,0,0,0,0,0,0,0,0,0,0,0,32,42,52,58,60,63,66,64,53,0,0,0,0,0,0,0,0,0,0,0,0,0,0,0,42,63,80,81,64,44,34,35,36,0,0,0,0,0,0,0,0,0,0,0,0,0,0,0,50,69,80,77,66,58,60,60,50,0,0,0,0,0,0,0,0,0,0,0,0,0,0,0,51,67,80,89,92,88,77,63,47,0,0,0,0,0,0,0,0,0,0,0,0,0,0,0,45,63,80,94,100,95,82,63,42,0,0,0,0,0,0,0,0,0,0,0,0,0,0,0,39,53,59,55,42,0,0,0,0,0,0,0
ChIJdVd95_J6ykwRgQZnxNcfAB8,The Shopping Bag,"166 North Street, Burlington",0,0,0,0,0,1,0,0,0,0,0,0,0,0,0,0,0,0,0,0,0,0,0,0,0,2,0,0,0,0,0,0,0,0,0,0,0,0,0,0,0,0,0,0,0,0,0,0,0,0,0,0,0,0,0,0,0,0,0,0,0,0,0,0,0,0,0,0,0,0,0,0,0,0,4,0,0,0,0,0,0,0,0,0,7,0,0,0,0,0,0,0,0,0,0,0,10,10,0,0,0,0,0,0,0,0,0,25,32,35,35,32,29,30,35,40,37,26,0,0,0,0,0,0,0,0,0,0,0,0,0,25,30,37,44,51,55,56,55,56,59,54,0,0,0,0,0,0,0,0,0,0,0,0,0,21,21,20,22,26,33,44,54,62,64,61,0,0,0,0,0,0,0,0,0,0,0,0,0,19,23,27,29,32,37,49,59,60,57,57,54,0,0,0,0,0,0,0,0,0,0,0,0,24,28,32,34,37,42,52,68,86,96,93,76,0,0,0,0,0,0,0,0,0,0,0,0,16,31,50,68,74,65,53,54,72,94,100,79,0,0,0,0,0,0,0,0,0,0,0,0,6,14,20,24,25,28,37,48,55,49,34,0,0,0,0
ChIJixTcJvF6ykwRF5_8Ii_PP9I,Hen of the Wood - Burlington,"55 Cherry Street, Burlington",0,0,0,0,0,0,0,0,1,0,0,0,0,0,0,0,0,0,0,0,0,0,0,0,0,0,0,0,0,0,0,0,0,0,0,0,0,0,0,0,0,0,0,0,0,0,0,0,0,0,0,0,0,0,0,0,0,0,0,0,0,0,0,0,0,0,0,0,0,0,0,0,0,0,2,0,0,0,0,0,0,0,0,0,0,0,0,0,0,0,0,0,0,0,0,0,60,120,0,0,0,0,0,0,0,0,0,0,0,0,0,0,0,0,0,22,42,57,50,0,0,0,0,0,0,0,0,0,0,0,0,0,0,0,0,0,0,0,0,38,61,64,48,0,0,0,0,0,0,0,0,0,0,0,0,0,0,0,0,0,0,0,0,37,66,76,67,0,0,0,0,0,0,0,0,0,0,0,0,0,0,0,0,0,0,0,0,32,55,72,66,0,0,0,0,0,0,0,0,0,0,0,0,0,0,0,0,0,0,0,0,54,74,67,51,0,0,0,0,0,0,0,0,0,0,0,0,0,0,0,0,0,0,0,0,85,100,96,76,0,0,0,0,0,0,0,0,0,0,0,0,0,0,0,0,0,0,0,0,37,66,81,71,0,0,0
ChIJremrFb57ykwRWi6YZjE3zuI,Subway,"86 Pearl Street, Burlington",0,0,0,0,0,0,0,0,0,0,0,0,0,0,0,0,0,0,0,0,0,0,0,0,0,0,0,0,0,0,0,0,0,0,0,0,0,0,0,0,0,0,0,0,0,0,0,0,0,0,0,0,0,0,0,0,0,0,0,0,0,0,0,0,0,0,0,0,0,0,0,0,0,0,1,0,0,0,0,0,0,0,0,0,0,0,0,0,0,0,0,0,0,0,0,0,NA,NA,0,0,0,0,0,0,0,0,0,25,38,48,45,35,25,29,38,45,38,22,9,0,0,0,0,0,0,0,0,0,0,0,0,6,3,19,38,48,35,19,12,19,19,12,3,0,0,0,0,0,0,0,0,0,0,0,0,19,12,41,74,74,45,29,29,35,35,25,12,0,0,0,0,0,0,0,0,0,0,0,0,16,51,87,93,61,25,29,45,22,16,16,6,0,0,0,0,0,0,0,0,0,0,0,0,6,6,32,90,100,54,35,38,38,29,19,9,0,0,0,0,0,0,0,0,0,0,0,0,6,16,32,51,61,51,35,29,35,29,12,3,0,0,0,0,0,0,0,0,0,0,0,0,0,0,0,0,0,0,0,0,0,0,0,0,0,0,0
ChIJy-msUot7ykwRIaj1YGIu_hE,Dedalus Wine Bar,"388 Pine Street, Burlington",0,0,0,0,0,0,0,0,2,0,0,0,0,0,0,0,0,0,0,0,0,0,0,0,0,0,0,0,0,0,0,0,0,0,0,0,0,0,0,0,0,0,0,0,0,0,0,0,0,0,0,0,0,0,0,0,0,0,0,0,0,0,0,0,0,0,0,0,0,0,0,0,0,0,1,0,0,0,0,0,0,0,0,0,0,0,0,0,0,0,0,0,0,0,0,0,15,15,0,0,0,0,0,0,0,0,0,0,15,30,32,18,11,27,57,81,74,45,0,0,0,0,0,0,0,0,0,0,0,0,0,0,8,18,23,23,23,28,40,93,86,30,0,0,0,0,0,0,0,0,0,0,0,0,0,0,22,38,40,30,27,40,59,71,64,45,0,0,0,0,0,0,0,0,0,0,0,0,0,0,18,25,32,37,38,40,49,72,79,47,0,0,0,0,0,0,0,0,0,0,0,0,0,0,28,67,47,45,59,71,77,79,74,62,0,0,0,0,0,0,0,0,0,0,0,0,0,0,30,54,67,67,61,61,69,76,72,61,0,0,0,0,0,0,0,0,0,0,0,0,0,0,35,66,94,100,79,57,49,49,42,27,0,0,0,0
ChIJGXtE2_t6ykwRMVsbtrkRGLg,"Dedalus Wine Shop, Market & Wine Bar","388 Pine Street, Burlington",0,0,0,0,0,0,0,0,1,0,0,0,0,0,0,0,0,0,0,0,0,0,0,0,0,0,0,0,0,0,0,0,0,0,0,0,0,0,0,0,0,0,0,0,0,0,0,0,0,0,0,2,0,0,0,0,0,0,0,0,0,0,0,0,0,0,0,0,0,0,0,0,0,0,3,0,0,0,0,0,0,0,0,0,6,0,0,0,0,0,0,0,0,0,0,0,15,15,0,0,0,0,0,0,0,0,0,0,15,30,32,18,11,27,57,81,74,45,0,0,0,0,0,0,0,0,0,0,0,0,0,0,8,18,23,23,23,28,40,93,86,30,0,0,0,0,0,0,0,0,0,0,0,0,0,0,22,38,40,30,27,40,59,71,64,45,0,0,0,0,0,0,0,0,0,0,0,0,0,0,18,25,32,37,38,40,49,72,79,47,0,0,0,0,0,0,0,0,0,0,0,0,0,0,28,67,47,45,59,71,77,79,74,62,0,0,0,0,0,0,0,0,0,0,0,0,0,0,30,54,67,67,61,61,69,76,72,61,0,0,0,0,0,0,0,0,0,0,0,0,0,0,35,66,94,100,79,57,49,49,42,27,0,0,0,0
ChIJZVH58vZ6ykwR9NyzAdCUj3w,New Moon,"150 Cherry Street, Burlington",0,0,0,0,0,0,0,0,0,0,0,0,0,0,0,0,0,0,0,0,0,0,0,0,0,0,0,0,0,0,0,0,0,0,0,0,0,0,0,0,0,0,0,0,0,0,0,0,0,0,0,0,0,0,0,0,0,0,0,0,0,0,0,0,0,0,0,0,0,0,0,0,0,0,1,0,0,0,0,0,0,0,0,0,0,0,0,0,0,0,0,0,0,0,0,0,NA,NA,0,0,0,0,0,0,0,0,0,41,25,23,28,30,30,23,0,0,0,0,0,0,0,0,0,0,0,0,0,0,0,0,7,15,17,20,25,33,28,17,28,7,0,0,0,0,0,0,0,0,0,0,0,0,0,0,17,41,38,25,30,43,48,43,30,17,0,0,0,0,0,0,0,0,0,0,0,0,0,0,35,48,46,46,56,30,20,23,23,15,0,0,0,0,0,0,0,0,0,0,0,0,0,0,10,35,33,12,43,100,51,15,20,23,0,0,0,0,0,0,0,0,0,0,0,0,0,0,0,0,0,0,0,0,0,0,0,0,0,0,0,0,0,0,0,0,0,0,0,0,0,0,0,0,0,0,0,0,0,0,0,0,0,0,0,0,0,0
ChIJW-Fbqfd6ykwRBZxN6LMkOVg,El Cortijo,"189 Bank Street, Burlington",0,0,0,0,0,0,0,0,1,0,0,0,0,0,0,0,0,0,0,0,0,0,0,0,0,0,0,0,0,0,0,0,0,0,0,0,0,0,0,0,0,0,0,0,0,0,0,0,0,0,0,0,0,0,0,0,0,0,0,0,0,0,0,0,0,0,0,0,0,0,0,0,0,0,2,0,0,0,0,0,0,0,0,0,0,0,0,0,0,0,0,0,0,0,0,0,15,90,0,0,0,0,0,0,0,0,0,0,0,0,0,0,0,0,0,0,0,0,0,0,0,0,0,0,0,0,0,0,0,0,0,0,0,0,0,0,0,0,25,51,62,43,17,0,0,0,0,0,0,0,0,0,0,0,0,0,0,0,0,0,0,0,12,25,32,25,12,0,0,0,0,0,0,0,0,0,0,0,0,0,0,0,0,0,0,0,23,45,54,41,18,0,0,0,0,0,0,0,0,0,0,0,0,0,0,0,0,0,0,0,34,63,82,74,45,0,0,0,0,0,0,0,0,0,0,0,0,0,0,0,0,0,0,0,85,100,96,73,43,0,0,0,0,0,0,0,0,0,0,0,0,0,0,0,0,0,0,0,0,0,0,0,0,0,0,0
ChIJf6TIn_d6ykwRYD1ow4gAMyI,Leunig's Bistro,"115 Church Street, Burlington",0,0,0,0,0,0,0,0,0,0,0,0,0,0,0,0,0,0,0,0,0,0,0,0,0,0,0,0,0,0,0,0,0,0,0,0,0,0,0,0,0,0,0,0,0,0,0,0,0,0,0,0,0,0,0,0,0,0,0,0,0,0,0,0,0,0,0,0,0,0,0,0,0,0,1,0,0,0,0,0,0,0,0,0,0,0,0,0,0,0,0,0,0,0,0,0,NA,NA,0,0,0,0,0,0,0,0,0,0,0,0,0,0,0,0,0,0,0,0,0,0,0,0,0,0,0,0,0,0,0,0,0,0,0,0,0,0,0,0,0,0,0,0,0,0,0,0,0,0,0,0,0,0,0,0,0,0,0,0,25,42,48,40,33,38,46,40,0,0,0,0,0,0,0,0,0,0,0,0,0,0,0,0,30,36,38,38,37,38,41,39,0,0,0,0,0,0,0,0,0,0,0,0,0,0,0,0,31,46,54,53,53,57,56,46,0,0,0,0,0,0,0,0,0,0,0,0,0,0,0,0,51,88,100,82,65,66,69,62,0,0,0,0,0,0,0,0,0,0,0,0,0,0,0,0,0,0,0,0,0,0,0,0,0,0,0,0
ChIJnUH3afd6ykwRVx2elbIxH_A,The Vermont Pub & Brewery,"144 College Street, Burlington",0,0,0,0,0,0,0,0,2,0,0,0,0,0,0,0,0,0,0,0,0,0,0,0,0,0,0,0,0,0,0,0,0,0,0,0,0,0,0,0,0,0,0,0,0,0,0,0,0,0,0,0,0,0,0,0,0,0,0,0,0,0,0,0,0,0,0,0,0,0,0,0,0,0,1,0,0,0,0,0,0,0,0,0,0,0,0,0,0,0,0,0,0,0,0,0,60,90,0,0,0,0,0,0,0,0,0,0,0,0,0,0,0,0,0,0,0,0,0,0,0,0,0,0,0,0,0,0,0,0,0,0,0,0,0,0,0,0,0,0,0,0,0,0,0,0,0,0,0,0,0,0,0,0,0,0,0,3,7,11,14,15,14,18,23,23,14,0,0,0,0,0,0,0,0,0,0,0,0,0,0,12,13,13,13,15,22,32,38,33,20,0,0,0,0,0,0,0,0,0,0,0,0,0,0,4,14,26,35,41,51,69,82,75,48,0,0,0,0,0,0,0,0,0,0,0,0,0,0,24,54,85,100,92,82,86,93,83,55,0,0,0,0,0,0,0,0,0,0,0,0,0,0,10,35,66,70,47,29,29,32,26,13,0,0,0
ChIJ__-jEPd6ykwR6YV8JP3f04U,Henry's Diner,"155 Bank Street, Burlington",0,0,0,0,0,0,0,0,0,0,0,0,0,0,0,0,0,0,0,0,0,0,0,0,0,0,0,0,0,0,0,0,0,0,0,0,0,0,0,0,0,0,0,0,0,0,0,0,0,0,0,0,0,0,0,0,0,0,0,0,0,0,0,0,0,0,0,0,0,0,0,0,0,0,1,0,0,0,0,0,0,0,0,0,0,0,0,0,0,0,0,0,0,0,0,0,45,45,0,0,0,0,0,0,11,19,27,34,46,73,84,56,0,0,0,0,0,0,0,0,0,0,0,0,0,0,0,0,1,8,23,47,72,88,83,63,0,0,0,0,0,0,0,0,0,0,0,0,0,0,0,0,8,33,59,63,61,68,69,53,0,0,0,0,0,0,0,0,0,0,0,0,0,0,0,0,2,14,35,61,78,78,69,56,0,0,0,0,0,0,0,0,0,0,0,0,0,0,0,0,14,26,41,55,65,65,55,38,0,0,0,0,0,0,0,0,0,0,0,0,0,0,0,0,19,29,44,65,83,94,90,71,0,0,0,0,0,0,0,0,0,0,0,0,0,0,0,0,15,30,51,71,88,98,100,79,0,0,0,0,0,0,0,0,0,0
ChIJq9VGavd6ykwRDET-EtDJP5k,HJ House,"95 Saint Paul Street, Burlington",0,0,0,0,0,0,0,0,0,0,0,0,0,0,0,0,0,0,0,0,0,0,0,0,0,0,0,0,0,0,0,0,0,0,0,0,0,0,0,0,0,0,0,0,0,0,0,0,0,0,0,0,0,0,0,1,0,0,0,0,0,0,0,0,0,0,0,0,0,0,0,0,0,0,2,0,0,0,0,0,0,0,0,0,0,0,0,0,0,0,0,0,0,0,0,0,NA,NA,0,0,0,0,0,0,0,0,0,0,0,16,33,50,66,83,91,91,66,33,16,8,0,0,0,0,0,0,0,0,0,0,0,0,0,16,50,83,66,58,50,41,25,8,0,0,0,0,0,0,0,0,0,0,0,0,0,0,0,0,0,0,0,0,0,0,0,0,0,0,0,0,0,0,0,0,0,0,0,0,0,0,0,8,91,83,8,25,50,66,50,25,8,0,0,0,0,0,0,0,0,0,0,0,0,0,0,33,50,16,25,58,91,100,91,58,25,16,0,0,0,0,0,0,0,0,0,0,0,0,0,0,0,0,0,0,0,0,0,0,0,0,0,0,0,0,0,0,0,0,0,0,0,0,0,0,0,0,0,0,0,0,0,0,0,0,0,0
ChIJGQhG7PZ6ykwRtDHLmsuwOUE,Ben & Jerry’s,"36 Church Street, Burlington",0,0,0,0,0,0,1,0,0,0,0,0,0,0,0,0,0,0,0,0,0,0,0,0,0,0,0,0,0,0,0,0,0,0,0,0,0,0,0,0,0,0,0,0,0,0,0,0,0,0,0,0,0,0,0,0,2,0,0,0,0,0,0,0,0,0,0,0,0,0,0,0,0,0,3,0,0,0,0,0,0,0,0,0,6,0,0,0,0,0,0,0,0,0,0,0,15,15,0,0,0,0,0,0,0,0,0,0,0,0,0,0,30,41,40,34,30,22,0,0,0,0,0,0,0,0,0,0,0,0,0,0,0,0,0,0,31,42,45,49,42,25,0,0,0,0,0,0,0,0,0,0,0,0,0,0,0,0,0,0,29,30,29,39,48,34,0,0,0,0,0,0,0,0,0,0,0,0,0,0,0,0,0,0,24,37,44,45,47,37,0,0,0,0,0,0,0,0,0,0,0,0,0,0,0,0,0,0,29,40,47,52,52,42,0,0,0,0,0,0,0,0,0,0,0,0,0,0,0,0,0,0,79,97,100,93,88,74,0,0,0,0,0,0,0,0,0,0,0,0,0,0,0,0,0,0,59,65,50,47,49,35,0,0,0,0
ChIJSbfCAvd6ykwRpoue7TMN3Es,Ken's Pizza and Pub,"Church Street Marketplace, 71 Church Street, Burlington",0,0,0,0,0,0,0,0,0,0,0,0,0,0,0,0,0,0,0,0,0,0,0,0,0,0,0,0,0,0,0,0,0,0,0,0,0,0,0,0,0,0,0,0,0,0,0,0,0,0,0,0,0,0,0,0,0,0,0,0,0,0,0,0,0,0,0,0,0,0,0,0,0,0,1,0,0,0,0,0,0,0,0,0,0,0,0,0,0,0,0,0,0,0,0,0,NA,NA,0,0,0,0,0,0,0,0,0,0,0,0,29,43,47,37,27,26,33,33,0,0,0,0,0,0,0,0,0,0,0,0,0,0,0,0,13,17,20,22,28,37,47,48,0,0,0,0,0,0,0,0,0,0,0,0,0,0,0,0,12,22,36,48,56,55,46,33,0,0,0,0,0,0,0,0,0,0,0,0,0,0,0,0,18,22,26,34,54,73,66,47,0,0,0,0,0,0,0,0,0,0,0,0,0,0,0,0,25,34,33,28,28,36,57,83,84,52,0,0,0,0,0,0,0,0,0,0,0,0,0,0,22,46,67,72,68,72,90,100,80,44,0,0,0,0,0,0,0,0,0,0,0,0,0,0,64,63,50,58,43,32,32,29,0,0,0,0
ChIJ1xx5lvZ6ykwRokC_tPklens,Halvorson's,"16 Church Street, Burlington",0,0,0,0,0,0,0,0,1,0,0,0,0,0,0,0,0,0,0,0,0,0,0,0,0,0,0,0,0,0,0,0,0,0,0,0,0,0,0,0,0,0,0,0,0,0,0,0,0,0,0,0,0,0,0,0,0,0,0,0,0,0,0,0,0,0,0,0,0,0,0,0,0,0,2,0,0,0,0,0,0,0,0,0,0,0,0,0,0,0,0,0,0,0,0,0,NA,NA,0,0,0,0,0,0,0,0,0,0,0,0,0,0,0,0,0,0,0,0,0,0,0,0,0,0,0,0,0,0,0,0,0,0,0,0,0,0,0,0,0,0,0,0,0,0,0,0,0,0,0,0,0,0,0,0,0,0,0,0,19,13,3,19,23,28,48,44,21,0,0,0,0,0,0,0,0,0,0,0,0,0,0,0,30,42,21,21,34,46,50,40,25,0,0,0,0,0,0,0,0,0,0,0,0,0,0,0,13,21,30,50,65,57,38,36,50,0,0,0,0,0,0,0,0,0,0,0,0,0,11,25,44,67,90,100,88,76,78,76,51,0,0,0,0,0,0,0,0,0,0,0,0,0,7,17,26,34,36,32,21,0,0,0,0,0,0,0
ChIJpSH7nPd6ykwRJIk6TOwKKCA,Rí Rá Irish Pub,"123 Church Street, Burlington",0,0,0,0,0,0,0,0,1,0,0,0,0,0,0,0,0,0,0,0,0,0,0,0,0,0,0,0,0,0,0,0,0,0,0,0,0,0,0,0,0,0,0,0,0,0,0,0,0,0,0,0,0,0,0,0,0,0,0,0,0,0,0,0,0,0,0,0,0,0,0,0,0,0,2,0,0,0,0,0,0,0,0,0,0,0,0,0,0,0,0,0,0,0,0,0,60,90,0,0,0,0,0,0,0,0,0,0,0,0,21,31,30,21,15,23,41,50,39,18,0,0,0,0,0,0,0,0,0,0,0,0,0,0,8,12,17,21,23,23,27,33,30,15,0,0,0,0,0,0,0,0,0,0,0,0,0,0,16,24,28,31,38,48,51,43,28,13,0,0,0,0,0,0,0,0,0,0,0,0,0,0,6,11,14,15,16,22,33,45,45,33,0,0,0,0,0,0,0,0,0,0,0,0,0,0,19,25,29,31,35,44,67,96,100,66,0,0,0,0,0,0,0,0,0,0,0,0,0,0,36,57,76,86,83,75,76,89,92,70,0,0,0,0,0,0,0,0,0,0,0,0,0,0,21,39,50,47,38,32,28,22,0,0,0,0
ChIJQcptL_h6ykwRvwMuPy5xFK0,Kountry Kart Deli,"155 Main Street, Burlington",0,0,0,0,0,0,0,0,0,0,0,0,0,0,0,0,0,0,0,0,0,0,0,0,0,0,0,0,0,0,0,0,0,0,0,0,0,0,0,0,0,0,0,0,0,0,0,0,0,0,0,0,0,0,0,0,1,0,0,0,0,0,0,0,0,0,0,0,0,0,0,0,0,0,2,0,0,0,0,0,0,0,0,0,5,0,0,0,0,0,0,0,0,0,0,0,15,15,0,0,0,0,0,0,10,18,29,41,50,56,58,58,57,54,49,41,29,18,0,0,0,0,0,0,0,0,0,0,8,18,32,48,62,70,69,61,50,45,54,70,74,56,0,0,0,0,0,0,0,0,0,0,6,10,16,25,45,76,100,93,65,49,58,80,84,61,0,0,0,0,0,0,0,0,0,0,12,25,38,46,48,48,54,65,69,62,56,61,70,58,0,0,0,0,0,0,0,0,0,0,14,34,53,60,56,53,61,69,72,70,70,69,64,50,0,0,0,0,0,0,0,0,0,0,2,12,28,46,61,66,66,68,76,86,93,90,78,60,0,0,0,0,0,0,0,0,0,0,2,13,30,49,62,66,66,69,76,81,78,68,50,32,0,0,0,0
ChIJncI9Y_d6ykwRY6RIGaMmIeQ,American Flatbread Burlington Hearth,"115 Saint Paul Street, Burlington",0,0,0,0,0,0,0,0,2,0,0,0,0,0,0,0,0,0,0,0,0,0,0,0,0,0,0,0,0,0,0,0,0,0,0,0,0,0,0,0,0,0,0,0,0,0,0,0,0,0,0,0,0,0,0,0,1,0,0,0,0,0,0,0,0,0,0,0,0,0,0,0,0,0,3,0,0,0,0,0,0,0,0,0,0,0,0,0,0,0,0,0,0,0,0,0,10,60,0,0,0,0,0,0,0,0,0,0,0,0,0,0,0,0,0,0,0,0,0,0,0,0,0,0,0,0,0,0,0,0,0,0,0,0,0,0,0,0,0,0,0,0,0,0,0,0,0,0,0,0,0,0,0,0,0,0,0,0,0,0,0,0,46,50,40,29,0,0,0,0,0,0,0,0,0,0,0,0,0,0,0,0,0,0,0,0,23,31,34,28,0,0,0,0,0,0,0,0,0,0,0,0,0,0,0,0,7,15,21,29,47,75,89,76,0,0,0,0,0,0,0,0,0,0,0,0,0,0,0,0,54,69,79,82,85,93,100,81,0,0,0,0,0,0,0,0,0,0,0,0,0,0,0,0,44,55,60,62,64,69,68,53,0,0,0,0
ChIJFxoaeDJ7ykwR3aKrSbR8UlY,Pokeworks,"40 Church Street, Burlington",0,0,0,0,0,0,0,0,0,0,0,0,0,0,0,0,0,0,0,0,0,0,0,0,0,0,0,0,0,0,0,0,0,0,0,0,0,0,0,0,0,0,0,0,0,0,0,0,0,0,0,0,0,0,0,0,0,0,0,0,0,0,0,0,0,0,0,0,0,0,0,0,0,0,1,0,0,0,0,0,0,0,0,0,0,0,0,0,0,0,0,0,0,0,0,0,15,45,0,0,0,0,0,0,0,0,0,0,0,21,39,53,54,40,22,8,32,8,0,0,0,0,0,0,0,0,0,0,0,0,0,0,0,23,35,41,39,31,28,35,33,14,0,0,0,0,0,0,0,0,0,0,0,0,0,0,0,21,37,35,30,37,47,47,36,21,0,0,0,0,0,0,0,0,0,0,0,0,0,0,0,27,38,43,43,41,36,27,19,35,0,0,0,0,0,0,0,0,0,0,0,0,0,0,0,24,35,42,42,35,25,16,19,38,26,0,0,0,0,0,0,0,0,0,0,0,0,0,0,45,71,92,100,91,76,66,61,51,34,0,0,0,0,0,0,0,0,0,0,0,0,0,0,43,86,79,71,69,33,13,23,19,0,0,0,0
ChIJdflAPPh6ykwRWjnglP-M08M,Big Daddy's Pizza,"177 Church Street, Burlington",0,0,0,0,0,0,0,0,0,0,0,0,0,0,0,0,0,0,0,0,0,0,0,0,0,0,0,0,0,0,0,0,0,0,0,0,0,0,0,0,0,0,0,0,0,0,0,0,0,0,0,0,0,0,0,1,2,0,0,0,0,0,0,0,0,0,0,0,0,0,0,0,0,0,3,0,0,0,0,0,0,0,0,0,0,0,0,0,0,0,0,0,0,0,0,0,NA,NA,31,27,0,0,0,0,0,0,0,0,0,0,0,0,0,0,16,26,28,26,23,23,22,21,18,16,0,0,0,0,0,0,0,0,0,0,0,0,0,0,9,15,22,28,32,32,28,23,18,15,0,0,0,0,0,0,0,0,0,0,0,0,0,0,19,28,37,45,51,53,49,43,35,27,0,0,0,0,0,0,0,0,0,0,0,0,0,0,12,30,54,67,60,45,40,47,51,43,0,0,0,0,0,0,0,0,0,0,0,0,0,0,24,33,42,48,52,51,46,40,32,25,0,0,0,0,0,0,0,0,0,0,0,0,0,0,36,61,87,100,96,82,71,61,51,41,0,0,0,0,0,0,0,0,0,0,0,0,0,0,18,33,44,45,39,34,33,33
ChIJ_0S_m_d6ykwRO-z1DleXKRQ,Sweetwaters,"120 Church Street, Burlington",0,0,0,0,0,0,0,0,0,0,0,0,0,0,0,0,0,0,0,0,0,0,0,0,0,0,0,0,0,0,0,0,0,0,0,0,0,0,0,0,0,0,0,0,0,0,0,0,0,0,0,0,0,0,0,0,0,0,0,0,0,0,0,0,0,0,0,0,0,0,0,0,0,0,1,0,0,0,0,0,0,0,0,0,0,0,0,0,0,0,0,0,0,0,0,0,90,90,0,0,0,0,0,0,0,0,0,0,0,0,15,34,46,42,31,32,41,44,34,18,0,0,0,0,0,0,0,0,0,0,0,0,0,0,22,43,35,17,21,36,46,41,25,10,0,0,0,0,0,0,0,0,0,0,0,0,0,0,18,25,25,26,32,41,45,37,23,10,0,0,0,0,0,0,0,0,0,0,0,0,0,0,19,24,26,25,24,28,36,39,31,17,0,0,0,0,0,0,0,0,0,0,0,0,0,0,22,33,36,33,38,58,81,86,66,37,0,0,0,0,0,0,0,0,0,0,0,0,0,20,38,59,73,74,73,83,99,100,78,46,0,0,0,0,0,0,0,0,0,0,0,0,0,0,34,49,55,50,47,53,59,50,30,12,0,0
ChIJncI9Y_d6ykwR7JgTLP7RCQU,Zero Gravity Brewpub at American Flatbread,"115 Saint Paul Street, Burlington",0,0,0,0,0,0,0,0,1,0,0,0,0,0,0,0,0,0,0,0,0,0,0,0,0,0,0,0,0,0,0,0,0,0,0,0,0,0,0,0,0,0,0,0,0,0,0,0,0,0,0,0,0,0,0,0,0,0,0,0,0,0,0,0,0,0,0,0,0,0,0,0,0,0,2,0,0,0,0,0,0,0,0,0,0,0,0,0,0,0,0,0,0,0,0,0,NA,NA,0,0,0,0,0,0,0,0,0,0,0,0,0,0,0,0,9,21,33,42,36,0,0,0,0,0,0,0,0,0,0,0,0,0,0,0,0,0,0,0,24,18,6,18,30,0,0,0,0,0,0,0,0,0,0,0,0,0,0,0,0,0,0,0,24,36,42,36,27,0,0,0,0,0,0,0,0,0,0,0,0,0,0,0,0,0,0,0,3,9,24,36,33,0,0,0,0,0,0,0,0,0,0,0,0,0,0,0,21,30,36,36,36,48,81,96,63,0,0,0,0,0,0,0,0,0,0,0,0,0,0,0,18,51,87,100,75,54,57,63,51,0,0,0,0,0,0,0,0,0,0,0,0,0,0,0,18,42,69,81,75,69,72,66,42,0,0,0
ChIJFRBJ_0p3ykwRkRa6ODPckIQ,Istanbul Kebab House,"175 Church Street, Burlington",0,0,0,0,0,0,0,0,0,0,0,0,0,0,0,0,0,0,0,0,0,0,0,0,0,0,0,0,0,0,0,0,0,0,0,0,0,0,0,0,0,0,0,0,0,0,0,0,0,0,0,0,0,0,0,0,0,0,0,0,0,0,0,0,0,0,0,0,0,0,0,0,0,0,1,0,0,0,0,0,0,0,0,0,0,0,0,0,0,0,0,0,0,0,0,0,10,60,0,0,0,0,0,0,0,0,0,0,0,0,0,0,0,0,0,0,0,0,0,0,0,0,0,0,0,0,0,0,0,0,0,0,0,6,12,15,12,9,15,28,32,20,0,0,0,0,0,0,0,0,0,0,0,0,0,0,0,7,19,29,25,17,17,26,32,29,0,0,0,0,0,0,0,0,0,0,0,0,0,0,0,14,19,20,20,24,32,37,35,26,0,0,0,0,0,0,0,0,0,0,0,0,0,0,0,13,28,31,23,19,25,32,35,34,0,0,0,0,0,0,0,0,0,0,0,0,0,0,0,24,50,56,40,36,62,93,100,73,0,0,0,0,0,0,0,0,0,0,0,0,0,0,0,18,30,42,45,41,37,43,47,32,0,0,0,0
ChIJM5Y3Lfh6ykwRg-KmcwY0N4o,The Gryphon,"131 Main Street, Burlington",0,0,0,0,0,0,0,0,0,0,0,0,0,0,0,0,0,0,0,0,0,0,0,0,0,0,0,0,0,0,0,0,0,0,0,0,0,0,0,0,0,0,0,0,0,0,0,0,0,0,0,0,0,0,0,0,0,0,0,0,0,0,0,0,0,0,0,0,0,0,0,0,0,0,1,0,0,0,0,0,0,0,0,0,0,0,0,0,0,0,0,0,0,0,0,0,NA,NA,0,0,0,0,0,0,0,0,0,0,0,0,0,0,0,0,25,50,71,68,43,0,0,0,0,0,0,0,0,0,0,0,0,0,0,0,0,0,0,0,0,0,0,0,0,0,0,0,0,0,0,0,0,0,0,0,0,0,0,0,0,0,0,0,0,0,0,0,0,0,0,0,0,0,0,0,0,0,0,0,0,0,0,0,0,0,0,0,12,37,71,71,34,0,0,0,0,0,0,0,0,0,0,0,0,0,0,0,0,0,0,0,15,21,40,59,56,0,0,0,0,0,0,0,0,0,0,0,0,0,0,0,34,59,84,100,96,78,65,62,53,0,0,0,0,0,0,0,0,0,0,0,0,0,59,78,75,84,65,34,34,46,56,50,0,0,0,0
ChIJf9nyJfh6ykwRD0f3d0gh9Is,Ahli Baba's Kabob Shop,"163 Main Street, Burlington",0,0,0,0,0,0,0,0,0,0,0,0,0,0,0,0,0,0,0,0,0,0,0,0,0,0,0,0,0,0,0,0,0,0,0,0,0,0,0,0,0,0,0,0,0,0,0,0,0,0,0,0,0,0,0,0,0,0,0,0,0,0,0,0,0,0,0,0,0,0,0,0,0,0,1,0,0,0,0,0,0,0,0,0,0,0,0,0,0,0,0,0,0,0,0,0,NA,NA,0,0,0,0,0,0,0,0,0,0,0,0,0,0,0,0,37,42,45,42,30,0,0,0,0,0,0,0,0,0,0,0,0,0,0,0,0,0,0,0,45,55,60,60,55,0,0,0,0,0,0,0,0,0,0,0,0,0,0,0,0,0,0,0,40,55,47,30,12,0,0,0,0,0,0,0,0,0,0,0,0,0,0,0,0,0,0,0,20,25,30,27,17,0,0,0,0,0,0,0,0,0,0,0,0,0,0,2,10,20,25,30,40,55,67,67,55,35,0,0,0,0,0,0,0,0,0,0,0,0,0,27,42,47,47,42,47,67,92,100,82,52,0,0,0,0,0,0,0,0,0,0,0,0,0,17,30,42,50,52,50,50,60,67,65,42,0,0
ChIJCSxNKvd6ykwRbIY9p5RbC9k,Taco Gordo,"208 North Winooski Avenue, Burlington",0,0,0,0,0,0,0,0,2,0,0,0,0,0,0,0,0,0,0,0,0,0,0,0,0,0,0,0,0,0,0,0,0,0,0,0,0,0,0,0,0,0,0,0,0,0,0,0,0,0,0,0,0,0,0,0,1,0,0,0,0,0,0,0,0,0,0,0,0,0,0,0,0,0,3,0,0,0,0,0,0,0,0,0,0,0,0,0,0,0,0,0,0,0,0,0,10,10,0,0,0,0,0,0,0,0,0,0,0,0,0,0,0,0,0,0,0,0,0,0,0,0,0,0,0,0,0,0,0,0,0,0,0,0,67,75,69,58,52,51,48,41,0,0,0,0,0,0,0,0,0,0,0,0,0,0,0,0,50,58,59,59,61,59,51,38,0,0,0,0,0,0,0,0,0,0,0,0,0,0,0,0,34,47,52,48,38,39,57,52,0,0,0,0,0,0,0,0,0,0,0,0,0,0,0,0,48,54,51,42,40,46,47,32,0,0,0,0,0,0,0,0,0,0,0,0,0,0,0,0,28,41,53,57,52,46,71,100,0,0,0,0,0,0,0,0,0,0,0,0,0,0,0,0,0,0,0,0,0,0,0,0,0,0,0,0
ChIJyaWKJfh6ykwRKWG1kjZogr8,Ruben James,"159 Main Street, Burlington",0,0,0,0,0,0,0,0,1,0,0,0,0,0,0,0,0,0,0,0,0,0,0,0,0,0,0,0,0,0,0,0,0,0,0,0,0,0,0,0,0,0,0,0,0,0,0,0,0,0,0,0,0,0,0,0,0,0,0,0,0,0,0,0,0,0,0,0,0,0,0,0,0,0,2,0,0,0,0,0,0,0,0,0,0,0,0,0,0,0,0,0,0,0,0,0,15,90,0,0,0,0,0,0,0,0,0,0,0,0,0,0,0,0,20,29,33,34,28,17,0,0,0,0,0,0,0,0,0,0,0,0,0,0,0,0,0,0,20,36,41,39,37,32,0,0,0,0,0,0,0,0,0,0,0,0,0,0,0,0,0,0,21,32,54,85,100,76,0,0,0,0,0,0,0,0,0,0,0,0,0,0,0,0,0,0,27,47,49,41,44,45,0,0,0,0,0,0,0,0,0,0,0,0,0,0,0,0,0,0,25,53,62,60,63,38,0,0,0,0,0,0,0,0,0,0,0,0,0,0,0,0,0,0,41,50,57,58,50,35,0,0,0,0,0,0,0,0,0,0,0,0,0,0,0,0,0,0,37,35,36,40,40,32,0,0
ChIJW6ZzqfR6ykwR4_IUV_tcSiQ,Drifter's Cafe and Bar,"156 North Winooski Avenue, Burlington",0,0,0,0,0,0,0,0,2,0,0,0,0,0,0,0,0,0,0,0,0,0,0,0,0,0,0,0,0,0,0,0,0,0,0,0,0,0,0,0,0,0,0,0,0,0,0,0,0,0,0,0,0,0,0,0,0,0,0,0,0,0,0,0,0,0,0,0,0,0,0,0,0,0,1,0,0,0,0,0,0,0,0,0,0,0,0,0,0,0,0,0,0,0,0,0,NA,NA,0,0,0,0,0,0,0,0,0,0,0,0,0,0,0,0,0,0,0,0,0,0,0,0,0,0,0,0,0,0,0,0,0,0,0,0,0,0,0,0,0,0,0,0,0,0,0,0,0,0,0,0,0,0,0,0,0,0,0,0,0,0,0,0,0,0,0,0,0,0,0,0,0,0,0,0,0,0,0,0,0,0,0,0,0,0,0,0,0,0,0,0,0,0,0,0,0,0,0,0,0,0,0,0,0,0,0,0,0,0,0,0,52,73,91,94,76,0,0,0,0,0,0,0,0,0,0,0,0,0,0,0,0,0,0,0,0,0,0,0,0,0,0,0,0,0,0,0,0,0,0,0,0,0,0,0,0,0,0,0,0,0,0,0,0,0,0,0
ChIJ82Yklfd6ykwRiBBIzy7boyc,Zabby & Elf's Stone Soup,"211 College Street, Burlington",0,0,0,0,0,0,0,0,0,0,0,0,0,0,0,0,0,0,0,0,0,0,0,0,0,0,0,0,0,0,0,0,0,0,0,0,0,0,0,0,0,0,0,0,0,0,0,0,0,0,0,0,0,0,0,0,0,0,0,0,0,0,0,0,0,0,0,0,0,0,0,0,0,0,1,0,0,0,0,0,0,0,0,0,0,0,0,0,0,0,0,0,0,0,0,0,NA,NA,0,0,0,0,0,0,0,0,0,0,0,0,0,0,0,0,0,0,0,0,0,0,0,0,0,0,0,0,0,0,0,0,0,0,0,0,0,0,0,0,0,0,0,0,0,0,0,0,0,0,0,0,0,0,0,0,0,0,15,40,55,43,38,31,11,0,0,0,0,0,0,0,0,0,0,0,0,0,0,0,0,0,20,33,46,53,51,40,25,0,0,0,0,0,0,0,0,0,0,0,0,0,0,0,0,0,21,41,63,78,75,55,31,0,0,0,0,0,0,0,0,0,0,0,0,0,0,0,0,0,20,65,100,83,65,63,53,0,0,0,0,0,0,0,0,0,0,0,0,0,0,0,0,0,0,0,0,0,0,0,0,0,0,0,0,0,0,0
ChIJkblXrHp6ykwRFlGx-jEyqWc,Asian Food Mart Taste Of Asia (Fresh Indian and Nepalese Vegetables Market),"244 North Winooski Avenue, Burlington",0,0,0,0,0,0,0,0,0,0,0,0,0,0,0,0,0,0,0,0,0,0,0,0,0,0,0,0,0,0,0,0,0,0,0,0,0,0,0,0,0,0,0,0,0,0,0,0,0,0,0,0,0,0,0,0,0,0,0,0,0,0,0,0,0,0,0,0,0,0,0,0,0,0,2,0,0,0,0,0,0,0,0,0,5,0,0,0,0,0,0,0,0,0,0,0,15,15,0,0,0,0,0,0,0,0,0,3,6,14,21,26,29,32,36,36,31,22,0,0,0,0,0,0,0,0,0,0,0,0,0,8,13,18,22,26,26,24,21,29,55,26,0,0,0,0,0,0,0,0,0,0,0,0,0,4,13,22,22,24,34,36,31,45,52,13,0,0,0,0,0,0,0,0,0,0,0,0,0,3,6,8,8,9,11,19,32,40,37,27,0,0,0,0,0,0,0,0,0,0,0,0,0,6,16,26,26,19,18,34,60,77,67,40,0,0,0,0,0,0,0,0,0,0,0,0,0,18,49,65,57,62,83,100,98,81,55,32,0,0,0,0,0,0,0,0,0,0,0,0,0,9,21,32,40,39,37,42,54,60,49,29,0,0,0,0
ChIJgdPpLq57ykwRuslsQlpBye8,The Spot,"210 Shelburne Road, Burlington",0,0,0,0,0,0,0,0,2,0,0,0,0,0,0,0,0,0,0,0,0,0,0,0,0,0,0,0,0,0,0,0,0,0,0,0,0,0,0,0,0,0,0,0,0,0,0,0,0,0,0,0,0,0,0,0,1,0,0,0,0,0,0,0,0,0,0,0,0,0,0,0,0,0,3,0,0,0,0,0,0,0,0,0,0,0,0,0,0,0,0,0,0,0,0,0,25,60,0,0,0,0,0,0,0,0,34,41,38,46,70,71,40,0,0,0,0,0,0,0,0,0,0,0,0,0,0,0,0,0,45,66,70,79,89,75,41,14,2,0,1,0,0,0,0,0,0,0,0,0,0,0,0,0,65,56,44,63,75,56,27,10,9,14,17,17,14,0,0,0,0,0,0,0,0,0,0,0,71,100,47,39,51,42,23,11,8,9,8,7,6,0,0,0,0,0,0,0,0,0,0,0,36,53,52,52,54,41,22,18,25,34,39,35,27,0,0,0,0,0,0,0,0,0,0,0,69,84,67,51,55,63,55,40,31,33,35,26,13,0,0,0,0,0,0,0,0,0,0,0,30,46,53,68,81,66,33,0,0,0,0,0,0,0,0,0
ChIJf9XP9vd6ykwRo08mwifdpdo,Mr. Mikes Pizza,"206 Main Street, Burlington",0,0,0,0,0,0,0,0,1,0,0,0,0,0,0,0,0,0,0,0,0,0,0,0,0,0,0,0,0,0,0,0,0,0,0,0,0,0,0,0,0,0,0,0,0,0,0,0,0,0,0,0,0,0,0,0,0,0,0,0,0,0,0,0,0,0,0,0,0,0,0,0,0,0,2,0,0,0,0,0,0,0,0,0,0,0,0,0,0,0,0,0,0,0,0,0,NA,NA,0,0,0,0,0,0,0,0,0,0,0,18,25,28,31,34,34,31,28,21,18,12,0,0,0,0,0,0,0,0,0,0,0,0,0,18,21,21,25,28,28,28,21,15,28,28,0,0,0,0,0,0,0,0,0,0,0,0,0,0,9,34,56,37,18,31,46,40,21,6,0,0,0,0,0,0,0,0,0,0,0,0,0,21,28,21,12,12,25,34,37,31,18,9,0,0,0,0,0,0,0,0,0,0,0,0,0,25,37,50,59,62,56,43,31,25,34,25,0,0,0,0,0,0,0,0,0,0,0,0,0,0,28,53,81,100,96,78,50,37,59,46,0,0,0,0,0,0,0,0,0,0,0,0,0,0,31,46,40,25,21,34,43,37,21,9,0,0
ChIJ0xiUk6d7ykwRR_HMvqAGOMI,Pho Son,"213 College Street, Burlington",0,0,0,0,0,0,0,0,0,0,0,0,0,0,0,0,0,0,0,0,0,0,0,0,0,0,0,0,0,0,0,0,0,0,0,0,0,0,0,0,0,0,0,0,0,0,0,0,0,0,0,0,0,0,0,0,0,0,0,0,0,0,0,0,0,0,0,0,0,0,0,0,0,0,1,0,0,0,0,0,0,0,0,0,0,0,0,0,0,0,0,0,0,0,0,0,NA,NA,0,0,0,0,0,0,0,0,0,0,0,0,0,0,0,0,0,0,0,0,0,0,0,0,0,0,0,0,0,0,0,0,0,0,0,0,0,0,0,0,0,0,0,0,0,0,0,0,0,0,0,0,0,0,0,0,0,0,0,0,0,0,0,0,0,0,0,0,0,0,0,0,0,0,0,0,0,0,0,0,0,0,0,33,57,38,9,0,66,71,61,61,42,0,0,0,0,0,0,0,0,0,0,0,0,0,0,0,4,38,14,0,42,85,57,66,61,0,0,0,0,0,0,0,0,0,0,0,0,0,0,28,57,71,47,0,71,100,95,80,71,0,0,0,0,0,0,0,0,0,0,0,0,0,0,9,33,47,28,0,38,61,76,66,47,0,0,0
ChIJgVtqAPh6ykwRe6xpbdGCzGU,Shell,"219 Main Street, Burlington",0,0,0,0,0,2,0,0,0,0,0,0,0,0,0,0,0,0,0,0,0,0,0,0,0,3,0,0,0,0,0,0,0,0,0,0,0,0,1,0,0,0,0,0,0,0,0,0,0,0,0,0,0,0,0,0,0,0,0,0,0,0,0,0,0,0,0,0,0,0,0,0,0,0,5,0,0,0,0,0,0,0,0,0,8,0,0,0,0,0,0,0,0,0,0,0,10,10,2,2,2,2,2,2,11,11,2,2,52,33,9,19,28,33,35,30,21,11,2,2,2,2,0,0,0,0,0,0,2,2,2,4,14,23,28,28,28,26,26,26,23,19,14,9,2,2,2,2,2,2,2,2,2,2,2,4,11,23,33,42,47,52,50,45,38,28,19,9,2,2,2,2,0,0,2,2,4,4,2,7,21,38,54,66,69,66,54,42,28,16,4,2,2,2,2,0,0,0,0,2,2,2,7,16,26,38,45,54,57,59,57,52,42,33,23,14,4,2,2,2,2,2,2,2,2,2,9,21,35,52,76,92,100,95,78,59,42,35,30,26,19,7,2,2,2,2,2,2,2,2,2,2,11,21,30,40,45,45,40,30,19,9,4,2,2,2
ChIJ_yNbLPZ6ykwR8nCbVpL5cH0,Folino's Wood Fired Pizza,"71 South Union Street #1, Burlington",0,0,0,0,0,0,0,0,0,0,0,0,0,0,0,0,0,0,0,0,0,0,0,0,0,0,0,0,0,0,0,0,0,0,0,0,0,0,0,0,0,0,0,0,0,0,0,0,0,0,0,0,0,0,0,0,0,0,0,0,0,0,0,0,0,0,0,0,0,0,0,0,0,0,1,0,0,0,0,0,0,0,0,0,0,0,0,0,0,0,0,0,0,0,0,0,10,45,0,0,0,0,0,0,0,0,0,0,0,0,0,0,0,0,27,37,45,44,32,0,0,0,0,0,0,0,0,0,0,0,0,0,0,0,0,0,0,0,18,28,35,34,25,0,0,0,0,0,0,0,0,0,0,0,0,0,0,0,0,0,0,0,22,36,42,36,22,0,0,0,0,0,0,0,0,0,0,0,0,0,0,0,0,0,0,0,8,23,39,41,28,0,0,0,0,0,0,0,0,0,0,0,0,0,0,0,18,23,30,42,63,86,100,91,64,0,0,0,0,0,0,0,0,0,0,0,0,0,0,0,36,48,57,64,74,83,87,79,62,0,0,0,0,0,0,0,0,0,0,0,0,0,0,0,25,37,41,42,51,64,69,59,39,0,0,0
ChIJEawUsPd6ykwRUh1-rBECtZs,The Daily Planet,"15 Center Street, Burlington",0,0,0,0,0,0,0,0,1,0,0,0,0,0,0,0,0,0,0,0,0,0,0,0,0,0,0,0,0,0,0,0,0,0,0,0,0,0,0,0,0,0,0,0,0,0,0,0,0,0,0,0,0,0,0,0,0,0,0,0,0,0,0,0,0,0,0,0,0,0,0,0,0,0,2,0,0,0,0,0,0,0,0,0,0,0,0,0,0,0,0,0,0,0,0,0,60,90,0,0,0,0,0,0,0,0,0,0,0,0,0,0,0,0,0,19,49,74,68,34,0,0,0,0,0,0,0,0,0,0,0,0,0,0,0,0,0,0,0,22,36,42,34,19,0,0,0,0,0,0,0,0,0,0,0,0,0,0,0,0,0,0,0,3,17,50,58,26,0,0,0,0,0,0,0,0,0,0,0,0,0,0,0,0,0,0,0,20,38,58,60,34,0,0,0,0,0,0,0,0,0,0,0,0,0,0,0,0,0,0,0,46,79,96,85,50,0,0,0,0,0,0,0,0,0,0,0,0,0,0,0,0,0,0,0,87,100,82,95,77,0,0,0,0,0,0,0,0,0,0,0,0,0,0,0,0,0,0,0,20,30,28,19,6,0,0
ChIJBxPEVrN7ykwRgDYOn-BoSec,Gbg Indian Kitchen,"471 Riverside Avenue, Burlington",0,0,0,0,0,0,0,0,0,0,0,0,0,0,0,0,0,0,0,0,0,0,0,0,0,0,0,0,0,0,0,0,0,0,0,0,0,0,0,0,0,0,0,0,0,0,0,0,0,0,0,0,0,0,0,0,0,0,0,0,0,0,0,0,0,0,0,0,0,0,0,0,0,0,1,0,0,0,0,0,0,0,0,0,0,0,0,0,0,0,0,0,0,0,0,0,NA,NA,0,0,0,0,0,0,0,0,0,0,0,17,48,34,0,0,17,37,58,55,34,0,0,0,0,0,0,0,0,0,0,0,0,0,0,44,89,65,0,0,20,20,27,48,34,0,0,0,0,0,0,0,0,0,0,0,0,0,0,0,0,0,0,0,0,0,0,0,0,0,0,0,0,0,0,0,0,0,0,0,0,0,0,20,51,44,0,0,41,65,65,44,20,0,0,0,0,0,0,0,0,0,0,0,0,0,0,27,72,24,0,0,34,58,41,55,65,31,0,0,0,0,0,0,0,0,0,0,0,0,0,17,31,20,0,0,41,100,79,51,44,20,0,0,0,0,0,0,0,0,0,0,0,0,0,10,24,20,0,0,17,37,51,48,31,0,0,0
ChIJ-bhjl_d6ykwR7KY1313Ex-4,Bangkok Bistro in the alley,"36 Thorsen Way, Burlington",0,0,0,0,0,0,0,0,0,0,0,0,0,0,0,0,0,0,0,0,0,0,0,0,0,0,0,0,0,0,0,0,0,0,0,0,0,0,0,0,0,0,0,0,0,0,0,0,0,0,0,0,0,0,0,0,0,0,0,0,0,0,0,0,0,0,0,0,0,0,0,0,0,0,1,0,0,0,0,0,0,0,0,0,0,0,0,0,0,0,0,0,0,0,0,0,NA,NA,0,0,0,0,0,0,0,0,0,0,0,0,0,0,0,0,0,0,0,0,0,0,0,0,0,0,0,0,0,0,0,0,0,0,0,0,0,0,0,0,0,0,0,0,0,0,0,0,0,0,0,0,0,0,0,0,0,0,0,0,0,0,0,0,26,26,42,52,31,0,0,0,0,0,0,0,0,0,0,0,0,0,0,0,0,0,0,0,21,23,42,55,39,0,0,0,0,0,0,0,0,0,0,0,0,0,0,0,0,0,0,0,42,65,84,81,63,0,0,0,0,0,0,0,0,0,0,0,0,0,0,0,0,0,0,0,34,52,81,100,86,0,0,0,0,0,0,0,0,0,0,0,0,0,0,0,0,0,0,0,31,60,81,78,39,0,0,0
ChIJT_pGxIt6ykwRmkLAwqSVFWw,Pho Hong,"325 North Winooski Avenue, Burlington",0,0,0,0,0,0,0,0,0,0,0,0,0,0,0,0,0,0,0,0,0,0,0,0,0,0,0,0,0,0,0,0,0,0,0,0,0,0,0,0,0,0,0,0,0,0,0,0,0,0,0,0,0,0,0,0,0,0,0,0,0,0,0,0,0,0,0,0,0,0,0,0,0,0,1,0,0,0,0,0,0,0,0,0,0,0,0,0,0,0,0,0,0,0,0,0,15,15,0,0,0,0,0,0,0,0,0,0,0,0,0,0,0,0,0,0,0,0,0,0,0,0,0,0,0,0,0,0,0,0,0,0,0,15,26,23,13,16,32,57,77,78,58,32,0,0,0,0,0,0,0,0,0,0,0,0,0,20,30,28,19,16,25,41,53,51,35,17,0,0,0,0,0,0,0,0,0,0,0,0,0,8,13,18,23,27,32,44,75,90,57,25,0,0,0,0,0,0,0,0,0,0,0,0,0,16,25,30,31,39,58,81,92,83,60,35,0,0,0,0,0,0,0,0,0,0,0,0,0,9,44,81,59,32,46,78,100,93,65,33,0,0,0,0,0,0,0,0,0,0,0,0,0,0,0,0,0,0,0,0,0,0,0,0,0,0
ChIJ379HpCp7ykwRApo8kTKwBOQ,Asiana Noodle Shop,"88 Church Street, Burlington",0,0,0,0,0,0,0,0,0,0,0,0,0,0,0,0,0,0,0,0,0,0,0,0,0,0,0,0,0,0,0,0,0,0,0,0,0,0,0,0,0,0,0,0,0,0,0,0,0,0,0,0,0,0,0,0,0,0,0,0,0,0,0,0,0,0,0,0,0,0,0,0,0,0,1,0,0,0,0,0,0,0,0,0,0,0,0,0,0,0,0,0,0,0,0,0,15,15,0,0,0,0,0,0,0,0,0,0,0,1,5,12,22,27,31,33,38,38,25,11,0,0,0,0,0,0,0,0,0,0,0,0,0,0,0,0,0,0,0,0,0,0,0,0,0,0,0,0,0,0,0,0,0,0,0,0,0,14,25,31,29,22,16,20,25,20,9,1,0,0,0,0,0,0,0,0,0,0,0,0,0,11,20,27,24,16,16,35,33,25,44,16,0,0,0,0,0,0,0,0,0,0,0,0,0,5,11,22,31,38,40,40,40,40,37,29,18,0,0,0,0,0,0,0,0,0,0,0,0,27,79,100,61,33,48,72,66,37,12,18,22,0,0,0,0,0,0,0,0,0,0,0,0,0,27,70,35,35,50,50,35,24,20,3,0,0
ChIJl1y8LvR6ykwRNWOFjWeYkrU,Shalimar of India,"16 North Winooski Avenue, Burlington",0,0,0,0,0,0,0,0,0,0,0,0,0,0,0,0,0,0,0,0,0,0,0,0,0,0,0,0,0,0,0,0,0,0,0,0,0,0,0,0,0,0,0,0,0,0,0,0,0,0,0,0,0,0,0,0,0,0,0,0,0,0,0,0,0,0,0,0,0,0,0,0,0,0,1,0,0,0,0,0,0,0,0,0,0,0,0,0,0,0,0,0,0,0,0,0,NA,NA,0,0,0,0,0,0,0,0,0,0,0,4,4,4,9,0,0,36,54,68,59,0,0,0,0,0,0,0,0,0,0,0,0,0,0,40,63,72,59,0,0,40,68,81,68,0,0,0,0,0,0,0,0,0,0,0,0,0,0,22,31,27,18,0,0,40,77,90,72,0,0,0,0,0,0,0,0,0,0,0,0,0,0,22,36,40,36,0,0,18,50,77,59,0,0,0,0,0,0,0,0,0,0,0,0,0,0,36,50,63,68,0,0,90,90,77,50,0,0,0,0,0,0,0,0,0,0,0,0,0,0,40,72,81,59,0,0,31,59,77,72,0,0,0,0,0,0,0,0,0,0,0,0,0,0,45,81,95,81,0,0,31,72,100,77,0,0,0
ChIJdUQthPZ6ykwRdenQVnJruz0,Fu Da Chinese Restaurant,"187 Pearl Street # 1, Burlington",0,0,0,0,0,0,0,0,0,0,0,0,0,0,0,0,0,0,0,0,0,0,0,0,0,0,0,0,0,0,0,0,0,0,0,0,0,0,0,0,0,0,0,0,0,0,0,0,0,0,0,0,0,0,0,0,0,0,0,0,0,0,0,0,0,0,0,0,0,0,0,0,0,0,1,0,0,0,0,0,0,0,0,0,0,0,0,0,0,0,0,0,0,0,0,0,NA,NA,0,0,0,0,0,0,0,0,0,0,0,2,12,35,58,66,64,66,79,82,58,30,0,0,0,0,0,0,0,0,0,0,0,0,0,28,35,41,46,51,58,64,66,64,53,38,0,0,0,0,0,0,0,0,0,0,0,0,0,0,0,0,0,0,0,0,0,0,0,0,0,0,0,0,0,0,0,0,0,0,0,0,0,20,28,28,23,17,28,46,58,56,41,17,0,0,0,0,0,0,0,0,0,0,0,0,0,23,41,58,66,61,58,64,82,100,97,74,0,0,0,0,0,0,0,0,0,0,0,0,0,2,7,23,35,43,46,53,71,89,89,66,0,0,0,0,0,0,0,0,0,0,0,0,0,0,2,10,25,41,56,64,64,56,64,79,0,0
ChIJ_-8qgPZ6ykwRHxXVABFDJ6s,East West Cafe,"2 North Winooski Avenue #3738, Burlington",0,0,0,0,0,0,0,0,0,0,0,0,0,0,0,0,0,0,0,0,0,0,0,0,0,0,0,0,0,0,0,0,0,0,0,0,0,0,0,0,0,0,0,0,0,0,0,0,0,0,0,0,0,0,0,0,0,0,0,0,0,0,0,0,0,0,0,0,0,0,0,0,0,0,1,0,0,0,0,0,0,0,0,0,0,0,0,0,0,0,0,0,0,0,0,0,15,15,0,0,0,0,0,0,0,0,0,0,0,1,4,18,21,17,18,37,59,65,51,0,0,0,0,0,0,0,0,0,0,0,0,0,0,1,1,1,3,9,21,34,39,31,17,0,0,0,0,0,0,0,0,0,0,0,0,0,0,1,4,9,15,21,28,29,29,26,21,0,0,0,0,0,0,0,0,0,0,0,0,0,0,1,1,3,12,26,40,53,54,48,34,20,0,0,0,0,0,0,0,0,0,0,0,0,0,1,3,3,3,9,25,54,85,100,81,48,0,0,0,0,0,0,0,0,0,0,0,0,0,3,7,10,17,28,45,64,78,81,71,51,0,0,0,0,0,0,0,0,0,0,0,0,0,0,0,0,0,0,0,0,0,0,0,0,0,0
ChIJvZS6HWR6ykwRcFS-6-nJFSU,Bluebird Barbecue,"317 Riverside Avenue, Burlington",0,0,0,0,0,0,0,0,0,0,0,0,0,0,0,0,0,0,0,0,0,0,0,0,0,0,0,0,0,0,0,0,0,0,0,0,0,0,0,0,0,0,0,0,0,0,0,0,0,0,0,0,0,0,0,0,1,0,0,0,0,0,0,0,0,0,0,0,0,0,0,0,0,0,2,0,0,0,0,0,0,0,0,0,0,0,0,0,0,0,0,0,0,0,0,0,10,10,0,0,0,0,0,0,0,0,0,0,0,0,0,0,0,0,0,0,0,0,0,0,0,0,0,0,0,0,0,0,0,0,0,0,0,0,0,0,0,0,43,52,52,42,0,0,0,0,0,0,0,0,0,0,0,0,0,0,0,0,0,0,0,0,21,28,26,14,0,0,0,0,0,0,0,0,0,0,0,0,0,0,0,0,0,0,0,0,6,15,41,33,0,0,0,0,0,0,0,0,0,0,0,0,0,0,0,0,0,0,0,0,68,90,97,84,0,0,0,0,0,0,0,0,0,0,0,0,0,0,0,0,0,0,0,0,27,75,100,60,0,0,0,0,0,0,0,0,0,0,0,0,0,0,0,0,0,0,0,0,54,69,67,48,0,0,0,0
ChIJjYowAHd7ykwRTbvamf0taxc,The Friendly Toast,"86 Saint Paul Street, Burlington",0,0,0,0,0,0,0,0,0,0,0,0,0,0,0,0,0,0,0,0,0,0,0,0,0,0,0,0,0,0,0,0,0,0,0,0,0,0,0,0,0,0,0,0,0,0,0,0,0,0,0,0,0,0,0,0,0,0,0,0,0,0,0,0,0,0,0,0,0,0,0,0,0,0,1,0,0,0,0,0,0,0,0,0,0,0,0,0,0,0,0,0,0,0,0,0,NA,NA,0,0,0,0,0,0,0,0,12,25,37,42,34,21,0,0,0,0,0,0,0,0,0,0,0,0,0,0,0,0,0,0,12,22,28,26,19,10,0,0,0,0,0,0,0,0,0,0,0,0,0,0,0,0,0,0,13,29,29,23,22,17,0,0,0,0,0,0,0,0,0,0,0,0,0,0,0,0,0,0,15,23,23,21,21,16,0,0,0,0,0,0,0,0,0,0,0,0,0,0,0,0,0,0,26,44,57,56,42,25,11,6,11,22,28,22,0,0,0,0,0,0,0,0,0,0,0,0,32,73,100,87,62,52,50,47,39,28,18,10,0,0,0,0,0,0,0,0,0,0,0,0,36,61,79,79,64,43,25,0,0,0,0,0,0,0,0,0
ChIJTxbsKDt7ykwRh6j7WT4M8QE,Central Campus Dining Hall,"180 Carrigan Drive, Burlington",0,0,0,0,0,0,0,0,0,0,0,0,0,0,0,0,0,0,0,0,0,0,0,0,0,0,0,0,0,0,0,0,0,0,0,0,0,0,0,0,0,0,0,0,0,0,0,0,0,0,0,0,0,0,0,0,0,0,0,0,0,0,0,0,0,0,0,0,0,0,0,0,0,0,1,0,0,0,0,0,0,0,0,0,0,0,0,0,0,0,0,0,0,0,0,0,NA,NA,0,0,0,0,0,0,0,8,34,39,24,48,93,96,53,20,17,29,39,38,26,0,0,0,0,0,0,0,0,0,0,18,27,23,22,43,67,59,30,9,7,27,49,37,12,0,0,0,0,0,0,0,0,0,0,5,21,46,61,66,78,76,48,27,24,27,29,27,23,0,0,0,0,0,0,0,0,0,0,21,43,31,23,37,54,60,52,35,23,47,65,20,1,0,0,0,0,0,0,0,0,0,0,15,19,24,28,36,67,100,72,34,24,42,60,31,8,0,0,0,0,0,0,0,0,0,0,0,4,12,20,22,32,44,29,15,16,19,22,21,0,0,0,0,0,0,0,0,0,0,0,0,4,17,18,16,30,36,25,11,10,27,42,34,0,0,0,0
ChIJ7VyMwSR7ykwRQGazUwZ0MIs,The Skinny Pancake,"633 Main Street, Burlington",0,0,0,0,0,0,0,0,0,0,0,0,0,0,0,0,0,0,0,0,0,0,0,0,0,0,0,0,0,0,0,0,0,0,0,0,0,0,0,0,0,0,0,0,0,0,0,0,0,0,0,0,0,0,0,0,0,0,0,0,0,0,0,0,0,0,0,0,0,0,0,0,0,0,1,0,0,0,0,0,0,0,0,0,0,0,0,0,0,0,0,0,0,0,0,0,NA,NA,0,0,0,0,0,0,0,0,9,19,19,19,19,23,28,28,28,23,19,14,4,4,0,0,0,0,0,0,0,0,0,0,0,14,23,38,42,42,33,23,19,66,95,14,0,0,0,0,0,0,0,0,0,0,0,0,4,33,42,14,0,0,9,33,33,19,0,0,23,19,0,0,0,0,0,0,0,0,0,0,4,14,23,28,23,14,0,0,23,66,100,71,0,4,0,0,0,0,0,0,0,0,0,0,0,0,0,0,0,0,0,0,0,0,0,0,0,0,0,0,0,0,0,0,0,0,0,0,0,0,0,0,0,0,0,0,0,0,0,0,0,0,0,0,0,0,0,0,0,0,0,0,0,0,0,0,0,0,0,0,0,0,0,0,0,0,0,0
ChIJ47c2Z0V7ykwRV1e5a2sY_0Y,Red Panda,"161 Church Street, Burlington",0,0,0,0,0,0,0,0,0,0,0,0,0,0,0,0,0,0,0,0,0,0,0,0,0,0,0,0,0,0,0,0,0,0,0,0,0,0,0,0,0,0,0,0,0,0,0,0,0,0,0,0,0,0,0,0,0,0,0,0,0,0,0,0,0,0,0,0,0,0,0,0,0,0,1,0,0,0,0,0,0,0,0,0,0,0,0,0,0,0,0,0,0,0,0,0,NA,NA,0,0,0,0,0,0,0,0,0,0,0,7,26,26,7,0,3,30,65,61,23,0,0,0,0,0,0,0,0,0,0,0,0,0,0,0,0,3,3,7,15,34,61,53,30,11,0,0,0,0,0,0,0,0,0,0,0,0,0,0,0,0,0,0,0,0,0,0,0,0,0,0,0,0,0,0,0,0,0,0,0,0,0,0,0,0,11,23,42,61,73,69,53,30,0,0,0,0,0,0,0,0,0,0,0,0,0,19,26,23,23,34,65,92,100,76,42,19,0,0,0,0,0,0,0,0,0,0,0,0,0,15,23,19,23,42,65,88,100,96,80,53,0,0,0,0,0,0,0,0,0,0,0,0,0,11,19,30,34,30,26,19,23,30,23,7,0,0
ChIJVazWjvd6ykwR02JGj5ekSzA,Gaku Ramen,"144 Church Street, Burlington",0,0,0,0,0,0,0,0,0,0,0,0,0,0,0,0,0,0,0,0,0,0,0,0,0,0,0,0,0,0,0,0,0,0,0,0,0,0,0,0,0,0,0,0,0,0,0,0,0,0,0,0,0,0,0,0,0,0,0,0,0,0,0,0,0,0,0,0,0,0,0,0,0,0,1,0,0,0,0,0,0,0,0,0,0,0,0,0,0,0,0,0,0,0,0,0,NA,NA,0,0,0,0,0,0,0,0,0,0,0,8,19,30,34,29,25,29,33,26,13,0,0,0,0,0,0,0,0,0,0,0,0,0,0,4,7,11,14,18,28,33,27,25,21,0,0,0,0,0,0,0,0,0,0,0,0,0,0,8,17,25,29,28,26,34,46,42,23,0,0,0,0,0,0,0,0,0,0,0,0,0,0,5,11,18,23,24,20,22,39,41,15,0,0,0,0,0,0,0,0,0,0,0,0,0,0,14,29,41,42,30,17,22,52,71,44,0,0,0,0,0,0,0,0,0,0,0,0,0,0,14,45,73,61,43,58,88,100,83,54,0,0,0,0,0,0,0,0,0,0,0,0,0,0,12,22,32,38,38,34,32,34,30,19,0,0,0
ChIJcb0civd6ykwRlMWQaQ5fltg,Honey Road,"156 Church Street, Burlington",0,0,0,0,0,0,0,0,0,0,0,0,0,0,0,0,0,0,0,0,0,0,0,0,0,0,0,0,0,0,0,0,0,0,0,0,0,0,0,0,0,0,0,0,0,0,0,0,0,0,0,0,0,0,0,0,0,0,0,0,0,0,0,0,0,0,0,0,0,0,0,0,0,0,1,0,0,0,0,0,0,0,0,0,0,0,0,0,0,0,0,0,0,0,0,0,NA,NA,0,0,0,0,0,0,0,0,0,0,0,0,0,0,0,0,0,0,0,0,0,0,0,0,0,0,0,0,0,0,0,0,0,0,0,0,0,0,0,0,0,0,0,0,0,0,0,0,0,0,0,0,0,0,0,0,0,0,0,0,0,0,0,0,0,0,0,0,0,0,0,0,0,0,0,0,0,0,0,0,0,0,0,0,13,19,25,27,27,27,22,0,0,0,0,0,0,0,0,0,0,0,0,0,0,0,0,0,33,36,36,38,41,44,38,0,0,0,0,0,0,0,0,0,0,0,0,0,0,55,55,47,75,100,88,69,63,63,52,0,0,0,0,0,0,0,0,0,0,0,0,0,0,86,44,41,38,25,30,41,50,44,30,0,0,0,0,0
ChIJT8pQivd6ykwR3WrVpdVGmuw,Piesanos,"176 Main Street, Burlington",0,0,0,0,0,0,0,0,0,0,0,0,0,0,0,0,0,0,0,0,0,0,0,0,0,0,0,0,0,0,0,0,0,0,0,0,0,0,0,0,0,0,0,0,0,0,0,0,0,0,0,0,0,0,0,0,0,0,0,0,0,0,0,0,0,0,0,0,0,0,0,0,0,0,1,0,0,0,0,0,0,0,0,0,0,0,0,0,0,0,0,0,0,0,0,0,NA,NA,0,0,0,0,0,0,0,0,0,0,0,0,0,0,0,0,0,0,0,0,0,0,0,0,0,0,0,0,0,0,0,0,0,0,0,0,0,0,0,0,50,71,85,71,42,14,0,0,0,0,0,0,0,0,0,0,0,0,0,0,0,0,0,0,0,0,0,0,0,0,0,0,0,0,0,0,0,0,0,0,0,0,0,0,0,0,0,0,21,35,64,42,14,57,0,0,0,0,0,0,0,0,0,0,0,0,0,0,0,0,0,0,0,0,0,0,0,0,0,0,0,0,0,0,0,0,0,0,0,0,0,0,35,92,100,42,21,42,85,100,78,35,14,0,0,0,0,0,0,0,0,0,0,0,0,0,0,42,85,42,35,50,57,35,14,7,0,0
ChIJlYZXO_h6ykwRwzIgahGEISk,El Gato Cantina,"169 Church Street, Burlington",0,0,0,0,0,0,0,0,1,0,0,0,0,0,0,0,0,0,0,0,0,0,0,0,0,0,0,0,0,0,0,0,0,0,0,0,0,0,0,0,0,0,0,0,0,0,0,0,0,0,0,0,0,0,0,0,0,0,0,0,0,0,0,0,0,0,0,0,0,0,0,0,0,0,2,0,0,0,0,0,0,0,0,0,0,0,0,0,0,0,0,0,0,0,0,0,NA,NA,0,0,0,0,0,0,0,0,0,0,0,0,0,0,0,0,0,0,0,0,0,0,0,0,0,0,0,0,0,0,0,0,0,0,0,9,13,15,16,19,27,37,41,35,22,0,0,0,0,0,0,0,0,0,0,0,0,0,0,4,5,7,11,20,32,45,50,43,28,0,0,0,0,0,0,0,0,0,0,0,0,0,0,7,11,15,18,20,27,43,63,69,53,0,0,0,0,0,0,0,0,0,0,0,0,0,0,12,16,20,23,26,33,46,62,70,59,0,0,0,0,0,0,0,0,0,0,0,0,0,0,13,19,24,29,37,50,72,93,100,83,0,0,0,0,0,0,0,0,0,0,0,0,0,0,8,12,15,19,24,32,43,53,53,41,0,0,0
